global_campaign_id,platform,campaign_id,adset_id,ad_id,date,campaign_objective,campaign_status,start_date,end_date,budget_type,daily_budget,lifetime_budget,spend,impressions,clicks,conversions,conversion_value,CTR,CPC,CPM,device,location,ad_format,primary_text,reach,frequency,link_clicks,likes,comments,shares,post_engagement,video_views,add_to_cart,purchases,age,gender,network,keyword,match_type,search_term,quality_score
GCAMP_BAD_001,google,GOOG_BAD_001,ADGROUP_BAD_001,GAD_BAD_001,2024-01-01,conversion,ACTIVE,2024-01-01,2024-04-30,daily,240,21600,214.68,3503.0,191.0,10.0,865.0,0.05452,1.119,61.28,tablet,Morocco | Casablanca,responsive_search,Campaign test with realistic degradation and anomalies.,NA_platform,NA_platform,NA_platform,NA_platform,NA_platform,NA_platform,NA_platform,NA_platform,NA_platform,NA_platform,NA_platform,NA_platform,search,best_marketing_solution,phrase,best marketing solution,8
GCAMP_BAD_001,google,GOOG_BAD_001,ADGROUP_BAD_001,GAD_BAD_001,2024-01-02,conversion,ACTIVE,2024-01-01,2024-04-30,daily,240,21600,220.4,3450.0,205.0,10.0,786.94,0.05941,1.071,63.88,desktop,Morocco | Casablanca,responsive_search,Campaign test with realistic degradation and anomalies.,NA_platform,NA_platform,NA_platform,NA_platform,NA_platform,NA_platform,NA_platform,NA_platform,NA_platform,NA_platform,NA_platform,NA_platform,search,best_marketing_solution,phrase,best marketing solution,9
GCAMP_BAD_001,google,GOOG_BAD_001,ADGROUP_BAD_001,GAD_BAD_001,2024-01-03,conversion,ACTIVE,2024-01-01,2024-04-30,daily,240,21600,202.56,3093.0,191.0,10.0,783.75,0.06174,1.056,65.49,tablet,Morocco | Casablanca,responsive_search,Campaign test with realistic degradation and anomalies.,NA_platform,NA_platform,NA_platform,NA_platform,NA_platform,NA_platform,NA_platform,NA_platform,NA_platform,NA_platform,NA_platform,NA_platform,search,best_marketing_solution,phrase,best marketing solution,9
GCAMP_BAD_001,google,GOOG_BAD_001,ADGROUP_BAD_001,GAD_BAD_001,2024-01-04,conversion,ACTIVE,2024-01-01,2024-04-30,daily,240,21600,262.68,4275.0,247.0,12.0,987.79,0.05777,1.063,61.45,mobile,Morocco | Casablanca,responsive_search,Campaign test with realistic degradation and anomalies.,NA_platform,NA_platform,NA_platform,NA_platform,NA_platform,NA_platform,NA_platform,NA_platform,NA_platform,NA_platform,NA_platform,NA_platform,search,best_marketing_solution,phrase,best marketing solution,8
GCAMP_BAD_001,google,GOOG_BAD_001,ADGROUP_BAD_001,GAD_BAD_001,2024-01-05,conversion,ACTIVE,2024-01-01,2024-04-30,daily,240,21600,217.7,3739.0,214.0,11.0,949.72,0.05723,1.014,,desktop,Morocco | Casablanca,responsive_search,Campaign test with realistic degradation and anomalies.,NA_platform,NA_platform,NA_platform,NA_platform,NA_platform,NA_platform,NA_platform,NA_platform,NA_platform,NA_platform,NA_platform,NA_platform,search,best_marketing_solution,phrase,best marketing solution,9
GCAMP_BAD_001,google,GOOG_BAD_001,ADGROUP_BAD_001,GAD_BAD_001,2024-01-06,conversion,ACTIVE,2024-01-01,2024-04-30,daily,240,21600,216.7,3663.0,212.0,10.0,789.21,0.05786,1.022,59.16,tablet,Morocco | Casablanca,responsive_search,Campaign test with realistic degradation and anomalies.,NA_platform,NA_platform,NA_platform,NA_platform,NA_platform,NA_platform,NA_platform,NA_platform,NA_platform,NA_platform,NA_platform,NA_platform,search,best_marketing_solution,phrase,best marketing solution,7
GCAMP_BAD_001,google,GOOG_BAD_001,ADGROUP_BAD_001,GAD_BAD_001,2024-01-07,conversion,ACTIVE,2024-01-01,2024-04-30,daily,240,21600,201.85,2650.0,177.0,9.0,725.54,0.06677,1.135,76.17,mobile,Morocco | Casablanca,responsive_search,Campaign test with realistic degradation and anomalies.,NA_platform,NA_platform,NA_platform,NA_platform,NA_platform,NA_platform,NA_platform,NA_platform,NA_platform,NA_platform,NA_platform,NA_platform,search,best_marketing_solution,phrase,best marketing solution,9
GCAMP_BAD_001,google,GOOG_BAD_001,ADGROUP_BAD_001,GAD_BAD_001,2024-01-08,conversion,ACTIVE,2024-01-01,2024-04-30,daily,240,21600,253.9,4505.0,253.0,12.0,1087.7,0.05616,1.001,56.36,desktop,Morocco | Casablanca,responsive_search,Campaign test with realistic degradation and anomalies.,NA_platform,NA_platform,NA_platform,NA_platform,NA_platform,NA_platform,NA_platform,NA_platform,NA_platform,NA_platform,NA_platform,NA_platform,search,best_marketing_solution,phrase,best marketing solution,9
GCAMP_BAD_001,google,GOOG_BAD_001,ADGROUP_BAD_001,GAD_BAD_001,2024-01-09,conversion,ACTIVE,2024-01-01,2024-04-30,daily,240,21600,197.73,2986.0,191.0,8.0,680.98,0.06395,1.03,66.22,desktop,Morocco | Casablanca,responsive_search,Campaign test with realistic degradation and anomalies.,NA_platform,NA_platform,NA_platform,NA_platform,NA_platform,NA_platform,NA_platform,NA_platform,NA_platform,NA_platform,NA_platform,NA_platform,search,best_marketing_solution,phrase,best marketing solution,9
GCAMP_BAD_001,google,GOOG_BAD_001,ADGROUP_BAD_001,GAD_BAD_001,2024-01-10,conversion,ACTIVE,2024-01-01,2024-04-30,daily,240,21600,197.79,3373.0,197.0,10.0,779.54,0.0584,0.999,58.64,tablet,Morocco | Casablanca,responsive_search,Campaign test with realistic degradation and anomalies.,NA_platform,NA_platform,NA_platform,NA_platform,NA_platform,NA_platform,NA_platform,NA_platform,NA_platform,NA_platform,NA_platform,NA_platform,search,best_marketing_solution,phrase,best marketing solution,9
GCAMP_BAD_001,google,GOOG_BAD_001,ADGROUP_BAD_001,GAD_BAD_001,2024-01-11,conversion,ACTIVE,2024-01-01,2024-04-30,daily,240,21600,210.66,3199.0,191.0,8.0,,0.05969,1.099,65.85,mobile,Morocco | Casablanca,responsive_search,Campaign test with realistic degradation and anomalies.,NA_platform,NA_platform,NA_platform,NA_platform,NA_platform,NA_platform,NA_platform,NA_platform,NA_platform,NA_platform,NA_platform,NA_platform,search,best_marketing_solution,phrase,best marketing solution,7
GCAMP_BAD_001,google,GOOG_BAD_001,ADGROUP_BAD_001,GAD_BAD_001,2024-01-12,conversion,ACTIVE,2024-01-01,2024-04-30,daily,240,21600,226.18,3433.0,209.0,10.0,938.38,0.06087,1.081,65.88,tablet,Morocco | Casablanca,responsive_search,Campaign test with realistic degradation and anomalies.,NA_platform,NA_platform,NA_platform,NA_platform,NA_platform,NA_platform,NA_platform,NA_platform,NA_platform,NA_platform,NA_platform,NA_platform,search,best_marketing_solution,phrase,best marketing solution,7
GCAMP_BAD_001,google,GOOG_BAD_001,ADGROUP_BAD_001,GAD_BAD_001,2024-01-13,conversion,ACTIVE,2024-01-01,2024-04-30,daily,240,21600,212.57,3189.0,,9.0,750.73,0.05895,1.126,66.66,mobile,Morocco | Casablanca,responsive_search,Campaign test with realistic degradation and anomalies.,NA_platform,NA_platform,NA_platform,NA_platform,NA_platform,NA_platform,NA_platform,NA_platform,NA_platform,NA_platform,NA_platform,NA_platform,search,best_marketing_solution,phrase,best marketing solution,8
GCAMP_BAD_001,google,GOOG_BAD_001,ADGROUP_BAD_001,GAD_BAD_001,2024-01-14,conversion,ACTIVE,2024-01-01,2024-04-30,daily,240,21600,254.55,3800.0,237.0,12.0,1055.06,0.06237,1.073,66.99,desktop,Morocco | Casablanca,responsive_search,Campaign test with realistic degradation and anomalies.,NA_platform,NA_platform,NA_platform,NA_platform,NA_platform,NA_platform,NA_platform,NA_platform,NA_platform,NA_platform,NA_platform,NA_platform,search,best_marketing_solution,phrase,best marketing solution,9
GCAMP_BAD_001,google,GOOG_BAD_001,ADGROUP_BAD_001,GAD_BAD_001,2024-01-15,conversion,ACTIVE,2024-01-01,2024-04-30,daily,240,21600,193.61,3405.0,187.0,10.0,886.99,0.05491,1.032,56.86,tablet,Morocco | Casablanca,responsive_search,Campaign test with realistic degradation and anomalies.,NA_platform,NA_platform,NA_platform,NA_platform,NA_platform,NA_platform,NA_platform,NA_platform,NA_platform,NA_platform,NA_platform,NA_platform,search,best_marketing_solution,phrase,best marketing solution,9
GCAMP_BAD_001,google,GOOG_BAD_001,ADGROUP_BAD_001,GAD_BAD_001,2024-01-16,conversion,ACTIVE,2024-01-01,2024-04-30,daily,240,21600,226.9,3254.0,212.0,11.0,991.04,0.06513,1.066,69.73,desktop,Morocco | Casablanca,responsive_search,Campaign test with realistic degradation and anomalies.,NA_platform,NA_platform,NA_platform,NA_platform,NA_platform,NA_platform,NA_platform,NA_platform,NA_platform,NA_platform,NA_platform,NA_platform,search,best_marketing_solution,phrase,best marketing solution,7
GCAMP_BAD_001,google,GOOG_BAD_001,ADGROUP_BAD_001,GAD_BAD_001,2024-01-17,conversion,ACTIVE,2024-01-01,2024-04-30,daily,240,21600,216.78,3028.0,190.0,10.0,923.72,0.06275,1.138,71.59,desktop,Morocco | Casablanca,responsive_search,Campaign test with realistic degradation and anomalies.,NA_platform,NA_platform,NA_platform,NA_platform,NA_platform,NA_platform,NA_platform,NA_platform,NA_platform,NA_platform,NA_platform,NA_platform,search,best_marketing_solution,phrase,best marketing solution,9
GCAMP_BAD_001,google,GOOG_BAD_001,ADGROUP_BAD_001,GAD_BAD_001,2024-01-18,conversion,ACTIVE,2024-01-01,2024-04-30,daily,240,21600,243.26,3792.0,241.0,11.0,859.45,0.06355,1.008,64.15,tablet,Morocco | Casablanca,responsive_search,Campaign test with realistic degradation and anomalies.,NA_platform,NA_platform,NA_platform,NA_platform,NA_platform,NA_platform,NA_platform,NA_platform,NA_platform,NA_platform,NA_platform,NA_platform,search,best_marketing_solution,phrase,best marketing solution,9
GCAMP_BAD_001,google,GOOG_BAD_001,ADGROUP_BAD_001,GAD_BAD_001,2024-01-19,conversion,ACTIVE,2024-01-01,2024-04-30,daily,240,21600,234.78,3206.0,204.0,10.0,872.72,0.06362,1.148,73.23,desktop,Morocco | Casablanca,responsive_search,Campaign test with realistic degradation and anomalies.,NA_platform,NA_platform,NA_platform,NA_platform,NA_platform,NA_platform,NA_platform,NA_platform,NA_platform,NA_platform,NA_platform,NA_platform,search,best_marketing_solution,phrase,best marketing solution,8
GCAMP_BAD_001,google,GOOG_BAD_001,ADGROUP_BAD_001,GAD_BAD_001,2024-01-20,conversion,ACTIVE,2024-01-01,2024-04-30,daily,240,21600,216.05,3107.0,208.0,11.0,870.99,0.06693,1.037,69.54,mobile,Morocco | Casablanca,responsive_search,Campaign test with realistic degradation and anomalies.,NA_platform,NA_platform,NA_platform,NA_platform,NA_platform,NA_platform,NA_platform,NA_platform,NA_platform,NA_platform,NA_platform,NA_platform,search,best_marketing_solution,phrase,best marketing solution,7
GCAMP_BAD_001,google,GOOG_BAD_001,ADGROUP_BAD_001,GAD_BAD_001,2024-01-21,conversion,ACTIVE,2024-01-01,2024-04-30,daily,240,21600,276.36,4475.0,260.0,13.0,1104.38,0.05809,1.06,61.76,mobile,Morocco | Casablanca,responsive_search,Campaign test with realistic degradation and anomalies.,NA_platform,NA_platform,NA_platform,NA_platform,NA_platform,NA_platform,NA_platform,NA_platform,NA_platform,NA_platform,NA_platform,NA_platform,search,best_marketing_solution,phrase,best marketing solution,7
GCAMP_BAD_001,google,GOOG_BAD_001,ADGROUP_BAD_001,GAD_BAD_001,2024-01-22,conversion,ACTIVE,2024-01-01,2024-04-30,daily,240,21600,257.05,3535.0,232.0,10.0,923.23,0.06562,1.107,72.72,tablet,Morocco | Casablanca,responsive_search,Campaign test with realistic degradation and anomalies.,NA_platform,NA_platform,NA_platform,NA_platform,NA_platform,NA_platform,NA_platform,NA_platform,NA_platform,NA_platform,NA_platform,NA_platform,search,best_marketing_solution,phrase,best marketing solution,8
GCAMP_BAD_001,google,GOOG_BAD_001,ADGROUP_BAD_001,GAD_BAD_001,2024-01-23,conversion,ACTIVE,2024-01-01,2024-04-30,daily,240,21600,212.85,3508.0,211.0,10.0,955.76,0.06014,1.004,60.68,tablet,Morocco | Casablanca,responsive_search,Campaign test with realistic degradation and anomalies.,NA_platform,NA_platform,NA_platform,NA_platform,NA_platform,NA_platform,NA_platform,NA_platform,NA_platform,NA_platform,NA_platform,NA_platform,search,best_marketing_solution,phrase,best marketing solution,7
GCAMP_BAD_001,google,GOOG_BAD_001,ADGROUP_BAD_001,GAD_BAD_001,2024-01-24,conversion,ACTIVE,2024-01-01,2024-04-30,daily,240,21600,217.62,3349.0,191.0,10.0,973.01,0.05702,1.138,64.98,desktop,Morocco | Casablanca,responsive_search,Campaign test with realistic degradation and anomalies.,NA_platform,NA_platform,NA_platform,NA_platform,NA_platform,NA_platform,NA_platform,NA_platform,NA_platform,NA_platform,NA_platform,NA_platform,search,best_marketing_solution,phrase,best marketing solution,8
GCAMP_BAD_001,google,GOOG_BAD_001,ADGROUP_BAD_001,GAD_BAD_001,2024-01-25,conversion,ACTIVE,2024-01-01,2024-04-30,daily,240,21600,263.67,,231.0,12.0,960.06,0.05869,1.138,67.01,mobile,Morocco | Casablanca,responsive_search,Campaign test with realistic degradation and anomalies.,NA_platform,NA_platform,NA_platform,NA_platform,NA_platform,NA_platform,NA_platform,NA_platform,NA_platform,NA_platform,NA_platform,NA_platform,search,best_marketing_solution,phrase,best marketing solution,7
GCAMP_BAD_001,google,GOOG_BAD_001,ADGROUP_BAD_001,GAD_BAD_001,2024-01-26,conversion,ACTIVE,2024-01-01,2024-04-30,daily,240,21600,213.6,3462.0,199.0,9.0,704.25,0.05747,1.07,61.7,mobile,Morocco | Casablanca,responsive_search,Campaign test with realistic degradation and anomalies.,NA_platform,NA_platform,NA_platform,NA_platform,NA_platform,NA_platform,NA_platform,NA_platform,NA_platform,NA_platform,NA_platform,NA_platform,search,best_marketing_solution,phrase,best marketing solution,7
GCAMP_BAD_001,google,GOOG_BAD_001,ADGROUP_BAD_001,GAD_BAD_001,2024-01-27,conversion,ACTIVE,2024-01-01,2024-04-30,daily,240,21600,239.92,3624.0,229.0,11.0,1015.46,0.06318,1.046,66.2,desktop,Morocco | Casablanca,responsive_search,Campaign test with realistic degradation and anomalies.,NA_platform,NA_platform,NA_platform,NA_platform,NA_platform,NA_platform,NA_platform,NA_platform,NA_platform,NA_platform,NA_platform,NA_platform,search,best_marketing_solution,phrase,best marketing solution,7
GCAMP_BAD_001,google,GOOG_BAD_001,ADGROUP_BAD_001,GAD_BAD_001,2024-01-28,conversion,ACTIVE,2024-01-01,2024-04-30,daily,240,21600,262.79,3799.0,229.0,12.0,1118.8,0.06026,1.148,69.17,mobile,Morocco | Casablanca,responsive_search,Campaign test with realistic degradation and anomalies.,NA_platform,NA_platform,NA_platform,NA_platform,NA_platform,NA_platform,NA_platform,NA_platform,NA_platform,NA_platform,NA_platform,NA_platform,search,best_marketing_solution,phrase,best marketing solution,7
GCAMP_BAD_001,google,GOOG_BAD_001,ADGROUP_BAD_001,GAD_BAD_001,2024-01-29,conversion,ACTIVE,2024-01-01,2024-04-30,daily,240,21600,230.04,3267.0,200.0,10.0,790.04,0.06121,1.148,70.41,mobile,Morocco | Casablanca,responsive_search,Campaign test with realistic degradation and anomalies.,NA_platform,NA_platform,NA_platform,NA_platform,NA_platform,NA_platform,NA_platform,NA_platform,NA_platform,NA_platform,NA_platform,NA_platform,search,best_marketing_solution,phrase,best marketing solution,7
GCAMP_BAD_001,google,GOOG_BAD_001,ADGROUP_BAD_001,GAD_BAD_001,2024-01-30,conversion,ACTIVE,2024-01-01,2024-04-30,daily,240,21600,230.2,,223.0,11.0,950.15,0.06479,1.03,66.88,desktop,Morocco | Casablanca,responsive_search,Campaign test with realistic degradation and anomalies.,NA_platform,NA_platform,NA_platform,NA_platform,NA_platform,NA_platform,NA_platform,NA_platform,NA_platform,NA_platform,NA_platform,NA_platform,search,best_marketing_solution,phrase,best marketing solution,8
GCAMP_BAD_001,google,GOOG_BAD_001,ADGROUP_BAD_001,GAD_BAD_001,2024-01-31,conversion,ACTIVE,2024-01-01,2024-04-30,daily,240,21600,238.08,4025.0,223.0,10.0,962.71,0.05539,1.063,59.15,desktop,Morocco | Casablanca,responsive_search,Campaign test with realistic degradation and anomalies.,NA_platform,NA_platform,NA_platform,NA_platform,NA_platform,NA_platform,NA_platform,NA_platform,NA_platform,NA_platform,NA_platform,NA_platform,search,best_marketing_solution,phrase,best marketing solution,8
GCAMP_BAD_001,google,GOOG_BAD_001,ADGROUP_BAD_001,GAD_BAD_001,2024-02-01,conversion,ACTIVE,2024-01-01,2024-04-30,daily,240,21600,236.14,3181.0,210.0,10.0,877.45,0.066,1.124,74.23,mobile,Morocco | Casablanca,responsive_search,Campaign test with realistic degradation and anomalies.,NA_platform,NA_platform,NA_platform,NA_platform,NA_platform,NA_platform,NA_platform,NA_platform,NA_platform,NA_platform,NA_platform,NA_platform,search,best_marketing_solution,phrase,best marketing solution,9
GCAMP_BAD_001,google,GOOG_BAD_001,ADGROUP_BAD_001,GAD_BAD_001,2024-02-02,conversion,ACTIVE,2024-01-01,2024-04-30,daily,240,21600,263.53,3868.0,238.0,11.0,844.64,0.06152,1.105,68.13,mobile,Morocco | Casablanca,responsive_search,Campaign test with realistic degradation and anomalies.,NA_platform,NA_platform,NA_platform,NA_platform,NA_platform,NA_platform,NA_platform,NA_platform,NA_platform,NA_platform,NA_platform,NA_platform,search,best_marketing_solution,phrase,best marketing solution,7
GCAMP_BAD_001,google,GOOG_BAD_001,ADGROUP_BAD_001,GAD_BAD_001,2024-02-03,conversion,ACTIVE,2024-01-01,2024-04-30,daily,240,21600,266.14,3719.0,231.0,12.0,928.18,0.0621,1.148,71.56,desktop,Morocco | Casablanca,responsive_search,Campaign test with realistic degradation and anomalies.,NA_platform,NA_platform,NA_platform,NA_platform,NA_platform,NA_platform,NA_platform,NA_platform,NA_platform,NA_platform,NA_platform,NA_platform,search,best_marketing_solution,phrase,best marketing solution,8
GCAMP_BAD_001,google,GOOG_BAD_001,ADGROUP_BAD_001,GAD_BAD_001,2024-02-04,conversion,ACTIVE,2024-01-01,2024-04-30,daily,240,21600,248.88,3732.0,224.0,12.0,1127.92,0.06002,1.108,66.69,tablet,Morocco | Casablanca,responsive_search,Campaign test with realistic degradation and anomalies.,NA_platform,NA_platform,NA_platform,NA_platform,NA_platform,NA_platform,NA_platform,NA_platform,NA_platform,NA_platform,NA_platform,NA_platform,search,best_marketing_solution,phrase,best marketing solution,7
GCAMP_BAD_001,google,GOOG_BAD_001,ADGROUP_BAD_001,GAD_BAD_001,2024-02-05,conversion,ACTIVE,2024-01-01,2024-04-30,daily,240,21600,212.42,3412.0,193.0,9.0,757.57,0.05655,1.097,62.26,desktop,Morocco | Casablanca,responsive_search,Campaign test with realistic degradation and anomalies.,NA_platform,NA_platform,NA_platform,NA_platform,NA_platform,NA_platform,NA_platform,NA_platform,NA_platform,NA_platform,NA_platform,NA_platform,search,best_marketing_solution,phrase,best marketing solution,7
GCAMP_BAD_001,google,GOOG_BAD_001,ADGROUP_BAD_001,GAD_BAD_001,2024-02-06,conversion,ACTIVE,2024-01-01,2024-04-30,daily,240,21600,220.29,2911.0,194.0,10.0,973.59,0.06664,1.135,75.68,mobile,Morocco | Casablanca,responsive_search,Campaign test with realistic degradation and anomalies.,NA_platform,NA_platform,NA_platform,NA_platform,NA_platform,NA_platform,NA_platform,NA_platform,NA_platform,NA_platform,NA_platform,NA_platform,search,best_marketing_solution,phrase,best marketing solution,9
GCAMP_BAD_001,google,GOOG_BAD_001,ADGROUP_BAD_001,GAD_BAD_001,2024-02-07,conversion,ACTIVE,2024-01-01,2024-04-30,daily,240,21600,245.47,3783.0,238.0,12.0,1010.43,0.0629,1.028,64.89,mobile,Morocco | Casablanca,responsive_search,Campaign test with realistic degradation and anomalies.,NA_platform,NA_platform,NA_platform,NA_platform,NA_platform,NA_platform,NA_platform,NA_platform,NA_platform,NA_platform,NA_platform,NA_platform,search,best_marketing_solution,phrase,best marketing solution,8
GCAMP_BAD_001,google,GOOG_BAD_001,ADGROUP_BAD_001,GAD_BAD_001,2024-02-08,conversion,ACTIVE,2024-01-01,2024-04-30,daily,240,21600,242.44,4288.0,242.0,13.0,1070.72,0.05643,1.001,56.54,desktop,Morocco | Casablanca,responsive_search,Campaign test with realistic degradation and anomalies.,NA_platform,NA_platform,NA_platform,NA_platform,NA_platform,NA_platform,NA_platform,NA_platform,NA_platform,NA_platform,NA_platform,NA_platform,search,best_marketing_solution,phrase,best marketing solution,9
GCAMP_BAD_001,google,GOOG_BAD_001,ADGROUP_BAD_001,GAD_BAD_001,2024-02-09,conversion,ACTIVE,2024-01-01,2024-04-30,daily,240,21600,260.65,3441.0,228.0,11.0,1072.11,0.06626,1.14,75.75,desktop,Morocco | Casablanca,responsive_search,Campaign test with realistic degradation and anomalies.,NA_platform,NA_platform,NA_platform,NA_platform,NA_platform,NA_platform,NA_platform,NA_platform,NA_platform,NA_platform,NA_platform,NA_platform,search,best_marketing_solution,phrase,best marketing solution,8
GCAMP_BAD_001,google,GOOG_BAD_001,ADGROUP_BAD_001,GAD_BAD_001,2024-02-10,conversion,ACTIVE,2024-01-01,2024-04-30,daily,240,21600,242.48,3373.0,211.0,12.0,936.9,0.06254,1.145,71.89,desktop,Morocco | Casablanca,responsive_search,Campaign test with realistic degradation and anomalies.,NA_platform,NA_platform,NA_platform,NA_platform,NA_platform,NA_platform,NA_platform,NA_platform,NA_platform,NA_platform,NA_platform,NA_platform,search,best_marketing_solution,phrase,best marketing solution,9
GCAMP_BAD_001,google,GOOG_BAD_001,ADGROUP_BAD_001,GAD_BAD_001,2024-02-11,conversion,ACTIVE,2024-01-01,2024-04-30,daily,240,21600,215.54,3134.0,211.0,12.0,1128.39,0.06731,1.019,68.77,tablet,Morocco | Casablanca,responsive_search,Campaign test with realistic degradation and anomalies.,NA_platform,NA_platform,NA_platform,NA_platform,NA_platform,NA_platform,NA_platform,NA_platform,NA_platform,NA_platform,NA_platform,NA_platform,search,best_marketing_solution,phrase,best marketing solution,9
GCAMP_BAD_001,google,GOOG_BAD_001,ADGROUP_BAD_001,GAD_BAD_001,2024-02-12,conversion,ACTIVE,2024-01-01,2024-04-30,daily,240,21600,248.19,4168.0,244.0,11.0,962.65,0.05853,1.014,59.55,desktop,Morocco | Casablanca,responsive_search,Campaign test with realistic degradation and anomalies.,NA_platform,NA_platform,NA_platform,NA_platform,NA_platform,NA_platform,NA_platform,NA_platform,NA_platform,NA_platform,NA_platform,NA_platform,search,best_marketing_solution,phrase,best marketing solution,8
GCAMP_BAD_001,google,GOOG_BAD_001,ADGROUP_BAD_001,GAD_BAD_001,2024-02-13,conversion,ACTIVE,2024-01-01,2024-04-30,daily,240,21600,272.3,4192.0,245.0,12.0,1019.62,0.05844,1.109,64.96,desktop,Morocco | Casablanca,responsive_search,Campaign test with realistic degradation and anomalies.,NA_platform,NA_platform,NA_platform,NA_platform,NA_platform,NA_platform,NA_platform,NA_platform,NA_platform,NA_platform,NA_platform,NA_platform,search,best_marketing_solution,phrase,best marketing solution,9
GCAMP_BAD_001,google,GOOG_BAD_001,ADGROUP_BAD_001,GAD_BAD_001,2024-02-14,conversion,ACTIVE,2024-01-01,2024-04-30,daily,240,21600,256.53,4170.0,256.0,13.0,1042.89,0.06138,0.998,61.52,desktop,Morocco | Casablanca,responsive_search,Campaign test with realistic degradation and anomalies.,NA_platform,NA_platform,NA_platform,NA_platform,NA_platform,NA_platform,NA_platform,NA_platform,NA_platform,NA_platform,NA_platform,NA_platform,search,best_marketing_solution,phrase,best marketing solution,7
GCAMP_BAD_001,google,GOOG_BAD_001,ADGROUP_BAD_001,GAD_BAD_001,2024-02-15,conversion,ACTIVE,2024-01-01,2024-04-30,daily,240,21600,241.97,3240.0,216.0,10.0,923.08,0.06665,1.12,74.68,desktop,Morocco | Casablanca,responsive_search,Campaign test with realistic degradation and anomalies.,NA_platform,NA_platform,NA_platform,NA_platform,NA_platform,NA_platform,NA_platform,NA_platform,NA_platform,NA_platform,NA_platform,NA_platform,search,best_marketing_solution,phrase,best marketing solution,9
GCAMP_BAD_001,google,GOOG_BAD_001,ADGROUP_BAD_001,GAD_BAD_001,2024-02-16,conversion,ACTIVE,2024-01-01,2024-04-30,daily,240,21600,259.54,3819.0,,12.0,1176.02,0.06179,1.098,67.96,mobile,Morocco | Casablanca,responsive_search,Campaign test with realistic degradation and anomalies.,NA_platform,NA_platform,NA_platform,NA_platform,NA_platform,NA_platform,NA_platform,NA_platform,NA_platform,NA_platform,NA_platform,NA_platform,search,best_marketing_solution,phrase,best marketing solution,9
GCAMP_BAD_001,google,GOOG_BAD_001,ADGROUP_BAD_001,GAD_BAD_001,2024-02-17,conversion,ACTIVE,2024-01-01,2024-04-30,daily,240,21600,258.65,3806.0,251.0,12.0,1134.84,0.06594,1.029,67.96,tablet,Morocco | Casablanca,responsive_search,Campaign test with realistic degradation and anomalies.,NA_platform,NA_platform,NA_platform,NA_platform,NA_platform,NA_platform,NA_platform,NA_platform,NA_platform,NA_platform,NA_platform,NA_platform,search,best_marketing_solution,phrase,best marketing solution,9
GCAMP_BAD_001,google,GOOG_BAD_001,ADGROUP_BAD_001,GAD_BAD_001,2024-02-18,conversion,ACTIVE,2024-01-01,2024-04-30,daily,240,21600,263.97,3857.0,235.0,12.0,1033.35,0.06093,1.12,68.44,desktop,Morocco | Casablanca,responsive_search,Campaign test with realistic degradation and anomalies.,NA_platform,NA_platform,NA_platform,NA_platform,NA_platform,NA_platform,NA_platform,NA_platform,NA_platform,NA_platform,NA_platform,NA_platform,search,best_marketing_solution,phrase,best marketing solution,9
GCAMP_BAD_001,google,GOOG_BAD_001,ADGROUP_BAD_001,GAD_BAD_001,2024-02-19,conversion,ACTIVE,2024-01-01,2024-04-30,daily,240,21600,262.44,3602.0,235.0,11.0,,0.06524,1.113,72.86,mobile,Morocco | Casablanca,responsive_search,Campaign test with realistic degradation and anomalies.,NA_platform,NA_platform,NA_platform,NA_platform,NA_platform,NA_platform,NA_platform,NA_platform,NA_platform,NA_platform,NA_platform,NA_platform,search,best_marketing_solution,phrase,best marketing solution,7
GCAMP_BAD_001,google,GOOG_BAD_001,ADGROUP_BAD_001,GAD_BAD_001,2024-02-20,conversion,ACTIVE,2024-01-01,2024-04-30,daily,240,21600,227.68,3482.0,201.0,9.0,841.27,0.05772,1.128,65.39,desktop,Morocco | Casablanca,responsive_search,Campaign test with realistic degradation and anomalies.,NA_platform,NA_platform,NA_platform,NA_platform,NA_platform,NA_platform,NA_platform,NA_platform,NA_platform,NA_platform,NA_platform,NA_platform,search,best_marketing_solution,phrase,best marketing solution,7
GCAMP_BAD_001,google,GOOG_BAD_001,ADGROUP_BAD_001,GAD_BAD_001,2024-02-21,conversion,ACTIVE,2024-01-01,2024-04-30,daily,240,21600,194.3,3015.0,176.0,8.0,739.08,0.05837,1.104,64.44,mobile,Morocco | Casablanca,responsive_search,Campaign test with realistic degradation and anomalies.,NA_platform,NA_platform,NA_platform,NA_platform,NA_platform,NA_platform,NA_platform,NA_platform,NA_platform,NA_platform,NA_platform,NA_platform,search,best_marketing_solution,phrase,best marketing solution,9
GCAMP_BAD_001,google,GOOG_BAD_001,ADGROUP_BAD_001,GAD_BAD_001,2024-02-22,conversion,ACTIVE,2024-01-01,2024-04-30,daily,240,21600,191.2,2739.0,168.0,9.0,807.24,0.06132,1.134,69.81,tablet,Morocco | Casablanca,responsive_search,Campaign test with realistic degradation and anomalies.,NA_platform,NA_platform,NA_platform,NA_platform,NA_platform,NA_platform,NA_platform,NA_platform,NA_platform,NA_platform,NA_platform,NA_platform,search,best_marketing_solution,phrase,best marketing solution,8
GCAMP_BAD_001,google,GOOG_BAD_001,ADGROUP_BAD_001,GAD_BAD_001,2024-02-23,conversion,ACTIVE,2024-01-01,2024-04-30,daily,240,21600,216.68,2939.0,196.0,,957.64,0.06667,1.103,73.73,mobile,Morocco | Casablanca,responsive_search,Campaign test with realistic degradation and anomalies.,NA_platform,NA_platform,NA_platform,NA_platform,NA_platform,NA_platform,NA_platform,NA_platform,NA_platform,NA_platform,NA_platform,NA_platform,search,best_marketing_solution,phrase,best marketing solution,7
GCAMP_BAD_001,google,GOOG_BAD_001,ADGROUP_BAD_001,GAD_BAD_001,2024-02-24,conversion,ACTIVE,2024-01-01,2024-04-30,daily,240,21600,193.76,2986.0,180.0,9.0,755.22,0.06027,1.072,64.89,tablet,Morocco | Casablanca,responsive_search,Campaign test with realistic degradation and anomalies.,NA_platform,NA_platform,NA_platform,NA_platform,NA_platform,NA_platform,NA_platform,NA_platform,NA_platform,NA_platform,NA_platform,NA_platform,search,best_marketing_solution,phrase,best marketing solution,9
GCAMP_BAD_001,google,GOOG_BAD_001,ADGROUP_BAD_001,GAD_BAD_001,2024-02-25,conversion,ACTIVE,2024-01-01,2024-04-30,daily,240,21600,246.58,3544.0,221.0,11.0,1064.88,0.06235,1.112,69.58,mobile,Morocco | Casablanca,responsive_search,Campaign test with realistic degradation and anomalies.,NA_platform,NA_platform,NA_platform,NA_platform,NA_platform,NA_platform,NA_platform,NA_platform,NA_platform,NA_platform,NA_platform,NA_platform,search,best_marketing_solution,phrase,best marketing solution,8
GCAMP_BAD_001,google,GOOG_BAD_001,ADGROUP_BAD_001,GAD_BAD_001,2024-02-26,conversion,ACTIVE,2024-01-01,2024-04-30,daily,240,21600,262.61,3796.0,245.0,13.0,1044.09,0.06453,1.068,69.18,mobile,Morocco | Casablanca,responsive_search,Campaign test with realistic degradation and anomalies.,NA_platform,NA_platform,NA_platform,NA_platform,NA_platform,NA_platform,NA_platform,NA_platform,NA_platform,NA_platform,NA_platform,NA_platform,search,best_marketing_solution,phrase,best marketing solution,9
GCAMP_BAD_001,google,GOOG_BAD_001,ADGROUP_BAD_001,GAD_BAD_001,2024-02-27,conversion,ACTIVE,2024-01-01,2024-04-30,daily,240,21600,234.07,3408.0,210.0,11.0,879.9,0.06162,1.112,68.68,tablet,Morocco | Casablanca,responsive_search,Campaign test with realistic degradation and anomalies.,NA_platform,NA_platform,NA_platform,NA_platform,NA_platform,NA_platform,NA_platform,NA_platform,NA_platform,NA_platform,NA_platform,NA_platform,search,best_marketing_solution,phrase,best marketing solution,9
GCAMP_BAD_001,google,GOOG_BAD_001,ADGROUP_BAD_001,GAD_BAD_001,2024-02-28,conversion,ACTIVE,2024-01-01,2024-04-30,daily,240,21600,208.03,3352.0,195.0,10.0,860.65,0.05816,1.061,62.06,desktop,Morocco | Casablanca,responsive_search,Campaign test with realistic degradation and anomalies.,NA_platform,NA_platform,NA_platform,NA_platform,NA_platform,NA_platform,NA_platform,NA_platform,NA_platform,NA_platform,NA_platform,NA_platform,search,best_marketing_solution,phrase,best marketing solution,7
GCAMP_BAD_001,google,GOOG_BAD_001,ADGROUP_BAD_001,GAD_BAD_001,2024-02-29,conversion,ACTIVE,2024-01-01,2024-04-30,daily,240,21600,224.36,3423.0,211.0,10.0,954.4,0.06164,1.06,65.54,mobile,Morocco | Casablanca,responsive_search,Campaign test with realistic degradation and anomalies.,NA_platform,NA_platform,NA_platform,NA_platform,NA_platform,NA_platform,NA_platform,NA_platform,NA_platform,NA_platform,NA_platform,NA_platform,search,best_marketing_solution,phrase,best marketing solution,7
GCAMP_BAD_001,google,GOOG_BAD_001,ADGROUP_BAD_001,GAD_BAD_001,2024-03-01,conversion,ACTIVE,2024-01-01,2024-04-30,daily,240,21600,271.88,4372.0,198.0,6.0,392.3,0.04529,1.367,62.19,tablet,Morocco | Casablanca,responsive_search,Campaign test with realistic degradation and anomalies.,NA_platform,NA_platform,NA_platform,NA_platform,NA_platform,NA_platform,NA_platform,NA_platform,NA_platform,NA_platform,NA_platform,NA_platform,search,best_marketing_solution,phrase,best marketing solution,5
GCAMP_BAD_001,google,GOOG_BAD_001,ADGROUP_BAD_001,GAD_BAD_001,2024-03-02,conversion,ACTIVE,2024-01-01,2024-04-30,daily,240,21600,298.04,4038.0,214.0,7.0,523.41,0.05299,1.386,73.81,desktop,Morocco | Casablanca,responsive_search,Campaign test with realistic degradation and anomalies.,NA_platform,NA_platform,NA_platform,NA_platform,NA_platform,NA_platform,NA_platform,NA_platform,NA_platform,NA_platform,NA_platform,NA_platform,search,best_marketing_solution,phrase,best marketing solution,5
GCAMP_BAD_001,google,GOOG_BAD_001,ADGROUP_BAD_001,GAD_BAD_001,2024-03-03,conversion,ACTIVE,2024-01-01,2024-04-30,daily,240,21600,302.37,4432.0,216.0,7.0,524.86,0.04873,1.395,68.22,desktop,Morocco | Casablanca,responsive_search,Campaign test with realistic degradation and anomalies.,NA_platform,NA_platform,NA_platform,NA_platform,NA_platform,NA_platform,NA_platform,NA_platform,NA_platform,NA_platform,NA_platform,NA_platform,search,best_marketing_solution,phrase,best marketing solution,6
GCAMP_BAD_001,google,GOOG_BAD_001,ADGROUP_BAD_001,GAD_BAD_001,2024-03-04,conversion,ACTIVE,2024-01-01,2024-04-30,daily,240,21600,282.55,3946.0,197.0,,416.93,0.04992,1.432,71.6,tablet,Morocco | Casablanca,responsive_search,Campaign test with realistic degradation and anomalies.,NA_platform,NA_platform,NA_platform,NA_platform,NA_platform,NA_platform,NA_platform,NA_platform,NA_platform,NA_platform,NA_platform,NA_platform,search,best_marketing_solution,phrase,best marketing solution,5
GCAMP_BAD_001,google,GOOG_BAD_001,ADGROUP_BAD_001,GAD_BAD_001,2024-03-05,conversion,ACTIVE,2024-01-01,2024-04-30,daily,240,21600,303.83,4802.0,238.0,7.0,462.91,0.04955,,63.27,mobile,Morocco | Casablanca,responsive_search,Campaign test with realistic degradation and anomalies.,NA_platform,NA_platform,NA_platform,NA_platform,NA_platform,NA_platform,NA_platform,NA_platform,NA_platform,NA_platform,NA_platform,NA_platform,search,best_marketing_solution,phrase,best marketing solution,6
GCAMP_BAD_001,google,GOOG_BAD_001,ADGROUP_BAD_001,GAD_BAD_001,2024-03-06,conversion,ACTIVE,2024-01-01,2024-04-30,daily,240,21600,250.66,3838.0,192.0,7.0,552.14,0.05002,1.304,65.31,tablet,Morocco | Casablanca,responsive_search,Campaign test with realistic degradation and anomalies.,NA_platform,NA_platform,NA_platform,NA_platform,NA_platform,NA_platform,NA_platform,NA_platform,NA_platform,NA_platform,NA_platform,NA_platform,search,best_marketing_solution,phrase,best marketing solution,5
GCAMP_BAD_001,google,GOOG_BAD_001,ADGROUP_BAD_001,GAD_BAD_001,2024-03-07,conversion,ACTIVE,2024-01-01,2024-04-30,daily,240,21600,284.53,4665.0,220.0,7.0,499.15,0.04715,1.288,60.99,mobile,Morocco | Casablanca,responsive_search,Campaign test with realistic degradation and anomalies.,NA_platform,NA_platform,NA_platform,NA_platform,NA_platform,NA_platform,NA_platform,NA_platform,NA_platform,NA_platform,NA_platform,NA_platform,search,best_marketing_solution,phrase,best marketing solution,6
GCAMP_BAD_001,google,GOOG_BAD_001,ADGROUP_BAD_001,GAD_BAD_001,2024-03-08,conversion,ACTIVE,2024-01-01,2024-04-30,daily,240,21600,240.27,3481.0,176.0,6.0,386.76,0.05056,1.363,69.02,desktop,Morocco | Casablanca,responsive_search,Campaign test with realistic degradation and anomalies.,NA_platform,NA_platform,NA_platform,NA_platform,NA_platform,NA_platform,NA_platform,NA_platform,NA_platform,NA_platform,NA_platform,NA_platform,search,best_marketing_solution,phrase,best marketing solution,4
GCAMP_BAD_001,google,GOOG_BAD_001,ADGROUP_BAD_001,GAD_BAD_001,2024-03-09,conversion,ACTIVE,2024-01-01,2024-04-30,daily,240,21600,305.29,4424.0,230.0,8.0,624.3,0.05198,1.327,69.01,tablet,Morocco | Casablanca,responsive_search,Campaign test with realistic degradation and anomalies.,NA_platform,NA_platform,NA_platform,NA_platform,NA_platform,NA_platform,NA_platform,NA_platform,NA_platform,NA_platform,NA_platform,NA_platform,search,best_marketing_solution,phrase,best marketing solution,4
GCAMP_BAD_001,google,GOOG_BAD_001,ADGROUP_BAD_001,GAD_BAD_001,2024-03-10,conversion,ACTIVE,2024-01-01,2024-04-30,daily,240,21600,249.9,3449.0,194.0,6.0,401.54,0.05624,1.286,72.46,desktop,Morocco | Casablanca,responsive_search,Campaign test with realistic degradation and anomalies.,NA_platform,NA_platform,NA_platform,NA_platform,NA_platform,NA_platform,NA_platform,NA_platform,NA_platform,NA_platform,NA_platform,NA_platform,search,best_marketing_solution,phrase,best marketing solution,5
GCAMP_BAD_001,google,GOOG_BAD_001,ADGROUP_BAD_001,GAD_BAD_001,2024-03-11,conversion,ACTIVE,2024-01-01,2024-04-30,daily,240,21600,269.74,4328.0,202.0,6.0,422.7,0.04667,1.333,62.32,desktop,Morocco | Casablanca,responsive_search,Campaign test with realistic degradation and anomalies.,NA_platform,NA_platform,NA_platform,NA_platform,NA_platform,NA_platform,NA_platform,NA_platform,NA_platform,NA_platform,NA_platform,NA_platform,search,best_marketing_solution,phrase,best marketing solution,6
GCAMP_BAD_001,google,GOOG_BAD_001,ADGROUP_BAD_001,GAD_BAD_001,2024-03-12,conversion,ACTIVE,2024-01-01,2024-04-30,daily,240,21600,253.56,3640.0,184.0,6.0,473.31,0.05055,1.374,69.66,desktop,Morocco | Casablanca,responsive_search,Campaign test with realistic degradation and anomalies.,NA_platform,NA_platform,NA_platform,NA_platform,NA_platform,NA_platform,NA_platform,NA_platform,NA_platform,NA_platform,NA_platform,NA_platform,search,best_marketing_solution,phrase,best marketing solution,5
GCAMP_BAD_001,google,GOOG_BAD_001,ADGROUP_BAD_001,GAD_BAD_001,2024-03-13,conversion,ACTIVE,2024-01-01,2024-04-30,daily,240,21600,289.91,3975.0,215.0,7.0,529.12,0.05408,1.343,72.93,mobile,Morocco | Casablanca,responsive_search,Campaign test with realistic degradation and anomalies.,NA_platform,NA_platform,NA_platform,NA_platform,NA_platform,NA_platform,NA_platform,NA_platform,NA_platform,NA_platform,NA_platform,NA_platform,search,best_marketing_solution,phrase,best marketing solution,4
GCAMP_BAD_001,google,GOOG_BAD_001,ADGROUP_BAD_001,GAD_BAD_001,2024-03-14,conversion,ACTIVE,2024-01-01,2024-04-30,daily,240,21600,233.21,3373.0,176.0,6.0,415.82,0.05217,1.32,69.14,tablet,Morocco | Casablanca,responsive_search,Campaign test with realistic degradation and anomalies.,NA_platform,NA_platform,NA_platform,NA_platform,NA_platform,NA_platform,NA_platform,NA_platform,NA_platform,NA_platform,NA_platform,NA_platform,search,best_marketing_solution,phrase,best marketing solution,5
GCAMP_BAD_001,google,GOOG_BAD_001,ADGROUP_BAD_001,GAD_BAD_001,2024-03-15,conversion,ACTIVE,2024-01-01,2024-04-30,daily,240,21600,232.26,3412.0,171.0,6.0,474.45,0.05011,1.353,68.07,mobile,Morocco | Casablanca,responsive_search,Campaign test with realistic degradation and anomalies.,NA_platform,NA_platform,NA_platform,NA_platform,NA_platform,NA_platform,NA_platform,NA_platform,NA_platform,NA_platform,NA_platform,NA_platform,search,best_marketing_solution,phrase,best marketing solution,5
GCAMP_BAD_001,google,GOOG_BAD_001,ADGROUP_BAD_001,GAD_BAD_001,2024-03-16,conversion,ACTIVE,2024-01-01,2024-04-30,daily,240,21600,256.52,3732.0,137.0,2.0,,0.03671,1.867,68.74,desktop,Morocco | Casablanca,responsive_search,Campaign test with realistic degradation and anomalies.,NA_platform,NA_platform,NA_platform,NA_platform,NA_platform,NA_platform,NA_platform,NA_platform,NA_platform,NA_platform,NA_platform,NA_platform,search,best_marketing_solution,phrase,best marketing solution,4
GCAMP_BAD_001,google,GOOG_BAD_001,ADGROUP_BAD_001,GAD_BAD_001,2024-03-17,conversion,ACTIVE,2024-01-01,2024-04-30,daily,240,21600,277.16,4440.0,160.0,3.0,151.29,0.03603,1.723,62.42,desktop,Morocco | Casablanca,responsive_search,Campaign test with realistic degradation and anomalies.,NA_platform,NA_platform,NA_platform,NA_platform,NA_platform,NA_platform,NA_platform,NA_platform,NA_platform,NA_platform,NA_platform,NA_platform,search,best_marketing_solution,phrase,best marketing solution,3
GCAMP_BAD_001,google,GOOG_BAD_001,ADGROUP_BAD_001,GAD_BAD_001,2024-03-18,conversion,ACTIVE,2024-01-01,2024-04-30,daily,240,21600,294.26,4299.0,154.0,2.0,105.45,0.03582,1.9,68.45,desktop,Morocco | Casablanca,responsive_search,Campaign test with realistic degradation and anomalies.,NA_platform,NA_platform,NA_platform,NA_platform,NA_platform,NA_platform,NA_platform,NA_platform,NA_platform,NA_platform,NA_platform,NA_platform,search,best_marketing_solution,phrase,best marketing solution,4
GCAMP_BAD_001,google,GOOG_BAD_001,ADGROUP_BAD_001,GAD_BAD_001,2024-03-19,conversion,ACTIVE,2024-01-01,2024-04-30,daily,240,21600,316.52,10626.0,177.0,1.0,50.86,0.01666,1.779,29.79,mobile,Morocco | Casablanca,responsive_search,Campaign test with realistic degradation and anomalies.,NA_platform,NA_platform,NA_platform,NA_platform,NA_platform,NA_platform,NA_platform,NA_platform,NA_platform,NA_platform,NA_platform,NA_platform,search,best_marketing_solution,phrase,best marketing solution,4
GCAMP_BAD_001,google,GOOG_BAD_001,ADGROUP_BAD_001,GAD_BAD_001,2024-03-20,conversion,ACTIVE,2024-01-01,2024-04-30,daily,240,21600,278.85,9278.0,154.0,1.0,54.3,0.0166,1.801,30.05,mobile,Morocco | Casablanca,responsive_search,Campaign test with realistic degradation and anomalies.,NA_platform,NA_platform,NA_platform,NA_platform,NA_platform,NA_platform,NA_platform,NA_platform,NA_platform,NA_platform,NA_platform,NA_platform,search,best_marketing_solution,phrase,best marketing solution,3
GCAMP_BAD_001,google,GOOG_BAD_001,ADGROUP_BAD_001,GAD_BAD_001,2024-03-21,conversion,ACTIVE,2024-01-01,2024-04-30,daily,240,21600,341.99,13585.0,202.0,1.0,50.72,0.01487,1.691,25.17,desktop,Morocco | Casablanca,responsive_search,Campaign test with realistic degradation and anomalies.,NA_platform,NA_platform,NA_platform,NA_platform,NA_platform,NA_platform,NA_platform,NA_platform,NA_platform,NA_platform,NA_platform,NA_platform,search,best_marketing_solution,phrase,best marketing solution,2
GCAMP_BAD_001,google,GOOG_BAD_001,ADGROUP_BAD_001,GAD_BAD_001,2024-03-22,conversion,ACTIVE,2024-01-01,2024-04-30,daily,240,21600,280.23,4936.0,154.0,2.0,105.04,0.0312,1.814,56.77,tablet,Morocco | Casablanca,responsive_search,Campaign test with realistic degradation and anomalies.,NA_platform,NA_platform,NA_platform,NA_platform,NA_platform,NA_platform,NA_platform,NA_platform,NA_platform,NA_platform,NA_platform,NA_platform,search,best_marketing_solution,phrase,best marketing solution,2
GCAMP_BAD_001,google,GOOG_BAD_001,ADGROUP_BAD_001,GAD_BAD_001,2024-03-23,conversion,ACTIVE,2024-01-01,2024-04-30,daily,240,21600,341.18,4942.0,188.0,3.0,155.9,0.03804,1.812,69.04,desktop,Morocco | Casablanca,responsive_search,Campaign test with realistic degradation and anomalies.,NA_platform,NA_platform,NA_platform,NA_platform,NA_platform,NA_platform,NA_platform,NA_platform,NA_platform,NA_platform,NA_platform,NA_platform,search,best_marketing_solution,phrase,best marketing solution,3
GCAMP_BAD_001,google,GOOG_BAD_001,ADGROUP_BAD_001,GAD_BAD_001,2024-03-24,conversion,ACTIVE,2024-01-01,2024-04-30,daily,240,21600,351.11,5313.0,208.0,4.0,170.02,0.03914,1.681,66.09,desktop,Morocco | Casablanca,responsive_search,Campaign test with realistic degradation and anomalies.,NA_platform,NA_platform,NA_platform,NA_platform,NA_platform,NA_platform,NA_platform,NA_platform,NA_platform,NA_platform,NA_platform,NA_platform,search,best_marketing_solution,phrase,best marketing solution,2
GCAMP_BAD_001,google,GOOG_BAD_001,ADGROUP_BAD_001,GAD_BAD_001,2024-03-25,conversion,ACTIVE,2024-01-01,2024-04-30,daily,240,21600,330.74,5170.0,184.0,3.0,135.59,0.03559,1.793,63.97,tablet,Morocco | Casablanca,responsive_search,Campaign test with realistic degradation and anomalies.,NA_platform,NA_platform,NA_platform,NA_platform,NA_platform,NA_platform,NA_platform,NA_platform,NA_platform,NA_platform,NA_platform,NA_platform,search,best_marketing_solution,phrase,best marketing solution,4
GCAMP_BAD_001,google,GOOG_BAD_001,ADGROUP_BAD_001,GAD_BAD_001,2024-03-26,conversion,ACTIVE,2024-01-01,2024-04-30,daily,240,21600,307.56,5000.0,167.0,2.0,100.14,0.0334,1.832,61.51,tablet,Morocco | Casablanca,responsive_search,Campaign test with realistic degradation and anomalies.,NA_platform,NA_platform,NA_platform,NA_platform,NA_platform,NA_platform,NA_platform,NA_platform,NA_platform,NA_platform,NA_platform,NA_platform,search,best_marketing_solution,phrase,best marketing solution,4
GCAMP_BAD_001,google,GOOG_BAD_001,ADGROUP_BAD_001,GAD_BAD_001,2024-03-27,conversion,ACTIVE,2024-01-01,2024-04-30,daily,240,21600,299.8,10159.0,169.0,1.0,49.33,0.01663,1.772,29.51,desktop,Morocco | Casablanca,responsive_search,Campaign test with realistic degradation and anomalies.,NA_platform,NA_platform,NA_platform,NA_platform,NA_platform,NA_platform,NA_platform,NA_platform,NA_platform,NA_platform,NA_platform,NA_platform,search,best_marketing_solution,phrase,best marketing solution,3
GCAMP_BAD_001,google,GOOG_BAD_001,ADGROUP_BAD_001,GAD_BAD_001,2024-03-27,conversion,ACTIVE,2024-01-01,2024-04-30,daily,240,21600,299.8,10159.0,169.0,1.0,49.33,0.01663,1.772,29.51,desktop,Morocco | Casablanca,responsive_search,Campaign test with realistic degradation and anomalies.,NA_platform,NA_platform,NA_platform,NA_platform,NA_platform,NA_platform,NA_platform,NA_platform,NA_platform,NA_platform,NA_platform,NA_platform,search,best_marketing_solution,phrase,best marketing solution,3
GCAMP_BAD_001,google,GOOG_BAD_001,ADGROUP_BAD_001,GAD_BAD_001,2024-03-28,conversion,ACTIVE,2024-01-01,2024-04-30,daily,240,21600,275.94,10082.0,167.0,1.0,49.06,0.01656,1.648,27.37,mobile,Morocco | Casablanca,responsive_search,Campaign test with realistic degradation and anomalies.,NA_platform,NA_platform,NA_platform,NA_platform,NA_platform,NA_platform,NA_platform,NA_platform,NA_platform,NA_platform,NA_platform,NA_platform,search,best_marketing_solution,phrase,best marketing solution,4
GCAMP_BAD_001,google,GOOG_BAD_001,ADGROUP_BAD_001,GAD_BAD_001,2024-03-29,conversion,ACTIVE,2024-01-01,2024-04-30,daily,240,21600,332.64,5307.0,174.0,3.0,132.38,0.03279,1.904,62.68,desktop,Morocco | Casablanca,responsive_search,Campaign test with realistic degradation and anomalies.,NA_platform,NA_platform,NA_platform,NA_platform,NA_platform,NA_platform,NA_platform,NA_platform,NA_platform,NA_platform,NA_platform,NA_platform,search,best_marketing_solution,phrase,best marketing solution,2
GCAMP_BAD_001,google,GOOG_BAD_001,ADGROUP_BAD_001,GAD_BAD_001,2024-03-30,conversion,ACTIVE,2024-01-01,2024-04-30,daily,240,21600,328.83,4783.0,179.0,3.0,143.78,0.03742,1.837,68.75,tablet,Morocco | Casablanca,responsive_search,Campaign test with realistic degradation and anomalies.,NA_platform,NA_platform,NA_platform,NA_platform,NA_platform,NA_platform,NA_platform,NA_platform,NA_platform,NA_platform,NA_platform,NA_platform,search,best_marketing_solution,phrase,best marketing solution,4
GCAMP_BAD_001,meta,META_BAD_001,ADSET_BAD_001,AD_META_BAD_001,2024-01-01,conversion,ACTIVE,2024-01-01,2024-04-30,daily,220,19800,200.89,9345.0,266.0,11.0,883.37,0.02846,0.753,21.5,mobile,Morocco | Casablanca,video,Campaign test with realistic degradation and anomalies.,4080,2.29,226,65,2,3,70,3227,13,7,25-34,all,NA_platform,NA_platform,NA_platform,NA_platform,NA_platform
GCAMP_BAD_001,meta,META_BAD_001,ADSET_BAD_001,AD_META_BAD_001,2024-01-02,conversion,ACTIVE,2024-01-01,2024-04-30,daily,220,19800,231.61,10032.0,302.0,10.0,912.25,0.0301,0.766,23.09,tablet,Morocco | Casablanca,video,Campaign test with realistic degradation and anomalies.,6556,1.53,256,100,5,5,110,3658,13,,25-34,all,NA_platform,NA_platform,NA_platform,NA_platform,NA_platform
GCAMP_BAD_001,meta,META_BAD_001,ADSET_BAD_001,AD_META_BAD_001,2024-01-03,conversion,ACTIVE,2024-01-01,2024-04-30,daily,220,19800,187.36,8414.0,252.0,10.0,858.25,0.02995,0.741,22.27,desktop,Morocco | Casablanca,video,Campaign test with realistic degradation and anomalies.,5463,1.54,214,42,2,1,45,2252,12,5,25-34,all,NA_platform,NA_platform,NA_platform,NA_platform,NA_platform
GCAMP_BAD_001,meta,META_BAD_001,ADSET_BAD_001,AD_META_BAD_001,2024-01-04,conversion,ACTIVE,2024-01-01,2024-04-30,daily,220,19800,218.17,10695.0,305.0,12.0,952.38,0.02852,0.715,20.4,mobile,Morocco | Casablanca,video,Campaign test with realistic degradation and anomalies.,4928,2.17,259,113,8,5,126,3817,15,8,25-34,all,NA_platform,NA_platform,NA_platform,NA_platform,NA_platform
GCAMP_BAD_001,meta,META_BAD_001,ADSET_BAD_001,AD_META_BAD_001,2024-01-05,conversion,ACTIVE,2024-01-01,2024-04-30,daily,220,19800,219.72,11311.0,308.0,12.0,1050.63,0.02723,0.712,19.43,desktop,Morocco | Casablanca,video,Campaign test with realistic degradation and anomalies.,5800,1.95,261,94,5,5,104,3009,16,9,25-34,all,NA_platform,NA_platform,NA_platform,NA_platform,NA_platform
GCAMP_BAD_001,meta,META_BAD_001,ADSET_BAD_001,AD_META_BAD_001,2024-01-06,conversion,ACTIVE,2024-01-01,2024-04-30,daily,220,19800,204.61,9603.0,291.0,12.0,1103.99,0.0303,0.701,21.31,tablet,Morocco | Casablanca,video,Campaign test with realistic degradation and anomalies.,4211,2.28,,64,6,3,73,3523,17,10,25-34,all,NA_platform,NA_platform,NA_platform,NA_platform,NA_platform
GCAMP_BAD_001,meta,META_BAD_001,ADSET_BAD_001,AD_META_BAD_001,2024-01-07,conversion,ACTIVE,2024-01-01,2024-04-30,daily,220,19800,194.68,8332.0,259.0,10.0,934.38,0.03108,0.75,23.37,mobile,Morocco | Casablanca,video,Campaign test with realistic degradation and anomalies.,3575,2.33,220,41,2,2,45,2624,14,7,25-34,all,NA_platform,NA_platform,NA_platform,NA_platform,NA_platform
GCAMP_BAD_001,meta,META_BAD_001,ADSET_BAD_001,AD_META_BAD_001,2024-01-08,conversion,ACTIVE,2024-01-01,2024-04-30,daily,220,19800,,9810.0,315.0,13.0,989.58,0.03211,0.694,22.32,mobile,Morocco | Casablanca,video,Campaign test with realistic degradation and anomalies.,4808,2.04,267,41,,2,45,4194,18,8,25-34,all,NA_platform,NA_platform,NA_platform,NA_platform,NA_platform
GCAMP_BAD_001,meta,META_BAD_001,ADSET_BAD_001,AD_META_BAD_001,2024-01-09,conversion,ACTIVE,2024-01-01,2024-04-30,daily,220,19800,182.59,9297.0,263.0,9.0,791.13,0.02829,0.693,19.64,tablet,Morocco | Casablanca,video,Campaign test with realistic degradation and anomalies.,5312,1.75,223,51,4,1,56,2987,12,5,25-34,all,NA_platform,NA_platform,NA_platform,NA_platform,NA_platform
GCAMP_BAD_001,meta,META_BAD_001,ADSET_BAD_001,AD_META_BAD_001,2024-01-10,conversion,ACTIVE,2024-01-01,2024-04-30,daily,220,19800,214.91,9975.0,322.0,13.0,1090.34,0.03228,0.666,21.54,tablet,Morocco | Casablanca,video,Campaign test with realistic degradation and anomalies.,4795,2.08,273,65,4,3,72,2647,24,8,25-34,all,NA_platform,NA_platform,NA_platform,NA_platform,NA_platform
GCAMP_BAD_001,meta,META_BAD_001,ADSET_BAD_001,AD_META_BAD_001,2024-01-11,conversion,ACTIVE,2024-01-01,2024-04-30,daily,220,19800,170.56,7491.0,242.0,9.0,735.36,0.0323,0.702,22.77,tablet,Morocco | Casablanca,video,Campaign test with realistic degradation and anomalies.,4771,1.57,205,,6,1,77,2092,17,4,25-34,all,NA_platform,NA_platform,NA_platform,NA_platform,NA_platform
GCAMP_BAD_001,meta,META_BAD_001,ADSET_BAD_001,AD_META_BAD_001,2024-01-12,conversion,ACTIVE,2024-01-01,2024-04-30,daily,220,19800,190.1,8731.0,270.0,11.0,986.35,,0.703,21.77,mobile,Morocco | Casablanca,video,Campaign test with realistic degradation and anomalies.,3915,2.23,229,38,1,2,41,3672,16,6,25-34,all,NA_platform,NA_platform,NA_platform,NA_platform,NA_platform
GCAMP_BAD_001,meta,META_BAD_001,ADSET_BAD_001,AD_META_BAD_001,2024-01-13,conversion,ACTIVE,2024-01-01,2024-04-30,daily,220,19800,257.6,11426.0,367.0,15.0,1084.8,0.03212,0.702,22.55,tablet,Morocco | Casablanca,video,Campaign test with realistic degradation and anomalies.,4841,2.36,311,94,6,4,104,3741,18,10,25-34,all,NA_platform,NA_platform,NA_platform,NA_platform,NA_platform
GCAMP_BAD_001,meta,META_BAD_001,ADSET_BAD_001,AD_META_BAD_001,2024-01-14,conversion,ACTIVE,2024-01-01,2024-04-30,daily,220,19800,187.01,8550.0,252.0,9.0,673.44,0.02947,0.74,21.87,mobile,Morocco | Casablanca,video,Campaign test with realistic degradation and anomalies.,4071,2.1,214,42,3,,46,3196,13,7,25-34,all,NA_platform,NA_platform,NA_platform,NA_platform,NA_platform
GCAMP_BAD_001,meta,META_BAD_001,ADSET_BAD_001,AD_META_BAD_001,2024-01-15,conversion,ACTIVE,2024-01-01,2024-04-30,daily,220,19800,,9755.0,315.0,12.0,928.2,0.03229,0.706,22.79,desktop,Morocco | Casablanca,video,Campaign test with realistic degradation and anomalies.,6253,1.56,267,40,3,1,44,3098,15,10,25-34,all,NA_platform,NA_platform,NA_platform,NA_platform,NA_platform
GCAMP_BAD_001,meta,META_BAD_001,ADSET_BAD_001,AD_META_BAD_001,2024-01-16,conversion,ACTIVE,2024-01-01,2024-04-30,daily,220,19800,205.41,8533.0,274.0,10.0,864.04,0.03211,0.749,24.07,tablet,Morocco | Casablanca,video,Campaign test with realistic degradation and anomalies.,3631,2.35,232,39,3,1,43,3029,12,7,25-34,all,NA_platform,NA_platform,NA_platform,NA_platform,NA_platform
GCAMP_BAD_001,meta,META_BAD_001,ADSET_BAD_001,AD_META_BAD_001,2024-01-17,conversion,ACTIVE,2024-01-01,2024-04-30,daily,220,19800,207.36,9478.0,293.0,11.0,953.77,0.03091,0.707,21.88,tablet,Morocco | Casablanca,video,Campaign test with realistic degradation and anomalies.,5447,1.74,249,69,3,2,74,3808,18,8,25-34,all,NA_platform,NA_platform,NA_platform,NA_platform,NA_platform
GCAMP_BAD_001,meta,META_BAD_001,ADSET_BAD_001,AD_META_BAD_001,2024-01-18,conversion,ACTIVE,2024-01-01,2024-04-30,daily,220,19800,228.51,10322.0,304.0,12.0,1032.21,0.02945,0.75,22.14,tablet,Morocco | Casablanca,video,Campaign test with realistic degradation and anomalies.,6491,1.59,258,107,9,4,120,2785,23,9,25-34,all,NA_platform,NA_platform,NA_platform,NA_platform,NA_platform
GCAMP_BAD_001,meta,META_BAD_001,ADSET_BAD_001,AD_META_BAD_001,2024-01-19,conversion,ACTIVE,2024-01-01,2024-04-30,daily,220,19800,201.84,8682.0,267.0,11.0,1004.67,0.03075,0.754,23.25,mobile,Morocco | Casablanca,video,Campaign test with realistic degradation and anomalies.,4744,1.83,226,37,1,1,39,3510,19,6,25-34,all,NA_platform,NA_platform,NA_platform,NA_platform,NA_platform
GCAMP_BAD_001,meta,META_BAD_001,ADSET_BAD_001,AD_META_BAD_001,2024-01-20,conversion,ACTIVE,2024-01-01,2024-04-30,daily,220,19800,217.51,9995.0,292.0,13.0,1048.73,0.02921,0.743,21.76,desktop,Morocco | Casablanca,video,Campaign test with realistic degradation and anomalies.,5461,1.83,248,102,10,4,116,2751,24,8,25-34,all,NA_platform,NA_platform,NA_platform,NA_platform,NA_platform
GCAMP_BAD_001,meta,META_BAD_001,ADSET_BAD_001,AD_META_BAD_001,2024-01-21,conversion,ACTIVE,2024-01-01,2024-04-30,daily,220,19800,215.48,9501.0,281.0,11.0,867.39,,0.765,22.68,tablet,Morocco | Casablanca,video,Campaign test with realistic degradation and anomalies.,4872,1.95,238,98,4,2,104,2545,14,5,25-34,all,NA_platform,NA_platform,NA_platform,NA_platform,NA_platform
GCAMP_BAD_001,meta,META_BAD_001,ADSET_BAD_001,AD_META_BAD_001,2024-01-22,conversion,ACTIVE,2024-01-01,2024-04-30,daily,220,19800,217.17,8979.0,283.0,11.0,891.67,0.03152,0.765,24.19,mobile,Morocco | Casablanca,video,Campaign test with realistic degradation and anomalies.,5577,1.61,240,67,4,1,72,3799,20,6,25-34,all,NA_platform,NA_platform,NA_platform,NA_platform,NA_platform
GCAMP_BAD_001,meta,META_BAD_001,ADSET_BAD_001,AD_META_BAD_001,2024-01-23,conversion,ACTIVE,2024-01-01,2024-04-30,daily,220,19800,185.59,8491.0,270.0,10.0,792.8,0.03179,0.686,21.86,mobile,Morocco | Casablanca,video,Campaign test with realistic degradation and anomalies.,3659,2.32,229,75,4,3,82,2585,14,5,25-34,all,NA_platform,NA_platform,NA_platform,NA_platform,NA_platform
GCAMP_BAD_001,meta,META_BAD_001,ADSET_BAD_001,AD_META_BAD_001,2024-01-24,conversion,ACTIVE,2024-01-01,2024-04-30,daily,220,19800,249.13,11185.0,344.0,13.0,1131.03,0.03075,0.723,22.27,desktop,Morocco | Casablanca,video,Campaign test with realistic degradation and anomalies.,6428,1.74,292,65,5,2,72,3150,22,6,25-34,all,NA_platform,NA_platform,NA_platform,NA_platform,NA_platform
GCAMP_BAD_001,meta,META_BAD_001,ADSET_BAD_001,AD_META_BAD_001,2024-01-25,conversion,ACTIVE,2024-01-01,2024-04-30,daily,220,19800,185.21,7976.0,260.0,9.0,756.64,0.0326,0.711,23.22,tablet,Morocco | Casablanca,video,Campaign test with realistic degradation and anomalies.,4358,1.83,221,57,2,2,61,2697,15,6,25-34,all,NA_platform,NA_platform,NA_platform,NA_platform,NA_platform
GCAMP_BAD_001,meta,META_BAD_001,ADSET_BAD_001,AD_META_BAD_001,2024-01-26,conversion,ACTIVE,2024-01-01,2024-04-30,daily,220,19800,189.21,8834.0,280.0,11.0,958.56,0.03169,0.675,21.42,tablet,Morocco | Casablanca,video,Campaign test with realistic degradation and anomalies.,3680,2.4,238,40,,1,43,3114,13,7,25-34,all,NA_platform,NA_platform,NA_platform,NA_platform,NA_platform
GCAMP_BAD_001,meta,META_BAD_001,ADSET_BAD_001,AD_META_BAD_001,2024-01-27,conversion,ACTIVE,2024-01-01,2024-04-30,daily,220,19800,218.12,9792.0,320.0,13.0,1061.09,0.03268,0.68,22.28,desktop,Morocco | Casablanca,video,Campaign test with realistic degradation and anomalies.,4149,2.36,272,94,5,3,102,3718,23,10,25-34,all,NA_platform,NA_platform,NA_platform,NA_platform,NA_platform
GCAMP_BAD_001,meta,META_BAD_001,ADSET_BAD_001,AD_META_BAD_001,2024-01-28,conversion,ACTIVE,2024-01-01,2024-04-30,daily,220,19800,215.35,10107.0,315.0,14.0,1120.46,0.03116,0.682,21.31,tablet,Morocco | Casablanca,video,Campaign test with realistic degradation and anomalies.,4954,2.04,267,52,3,1,56,2572,19,10,25-34,all,NA_platform,NA_platform,NA_platform,NA_platform,NA_platform
GCAMP_BAD_001,meta,META_BAD_001,ADSET_BAD_001,AD_META_BAD_001,2024-01-29,conversion,ACTIVE,2024-01-01,2024-04-30,daily,220,19800,190.14,9544.0,273.0,10.0,823.31,0.0286,0.694,19.92,tablet,Morocco | Casablanca,video,Campaign test with realistic degradation and anomalies.,5392,1.77,232,45,2,2,49,3203,15,7,25-34,all,NA_platform,NA_platform,NA_platform,NA_platform,NA_platform
GCAMP_BAD_001,meta,META_BAD_001,ADSET_BAD_001,AD_META_BAD_001,2024-01-30,conversion,ACTIVE,2024-01-01,2024-04-30,daily,220,19800,248.65,12749.0,362.0,13.0,1204.29,0.02839,0.685,19.5,tablet,Morocco | Casablanca,video,Campaign test with realistic degradation and anomalies.,6129,2.08,307,103,5,2,110,5276,18,8,25-34,all,NA_platform,NA_platform,NA_platform,NA_platform,NA_platform
GCAMP_BAD_001,meta,META_BAD_001,ADSET_BAD_001,AD_META_BAD_001,2024-01-31,conversion,ACTIVE,2024-01-01,2024-04-30,daily,220,19800,206.68,8606.0,279.0,10.0,853.0,0.03242,0.74,24.02,desktop,Morocco | Casablanca,video,Campaign test with realistic degradation and anomalies.,4137,2.08,237,51,3,1,55,3028,15,7,25-34,all,NA_platform,NA_platform,NA_platform,NA_platform,NA_platform
GCAMP_BAD_001,meta,META_BAD_001,ADSET_BAD_001,AD_META_BAD_001,2024-02-01,conversion,ACTIVE,2024-01-01,2024-04-30,daily,220,19800,190.01,8685.0,258.0,10.0,766.95,0.0297,0.736,21.88,desktop,Morocco | Casablanca,video,Campaign test with realistic degradation and anomalies.,4002,2.17,219,98,4,5,107,2764,15,8,25-34,all,NA_platform,NA_platform,NA_platform,NA_platform,NA_platform
GCAMP_BAD_001,meta,META_BAD_001,ADSET_BAD_001,AD_META_BAD_001,2024-02-02,conversion,ACTIVE,2024-01-01,2024-04-30,daily,220,19800,209.2,8535.0,283.0,12.0,974.97,0.03315,0.738,24.51,tablet,Morocco | Casablanca,video,Campaign test with realistic degradation and anomalies.,5334,1.6,240,68,5,3,76,3416,14,8,25-34,all,NA_platform,NA_platform,NA_platform,NA_platform,NA_platform
GCAMP_BAD_001,meta,META_BAD_001,ADSET_BAD_001,AD_META_BAD_001,2024-02-03,conversion,ACTIVE,2024-01-01,2024-04-30,daily,220,19800,244.81,10676.0,342.0,15.0,1282.03,0.03203,0.715,22.93,tablet,Morocco | Casablanca,video,Campaign test with realistic degradation and anomalies.,5391,1.98,290,112,5,3,120,3464,28,,25-34,all,NA_platform,NA_platform,NA_platform,NA_platform,NA_platform
GCAMP_BAD_001,meta,META_BAD_001,ADSET_BAD_001,AD_META_BAD_001,2024-02-03,conversion,ACTIVE,2024-01-01,2024-04-30,daily,220,19800,244.81,10676.0,342.0,15.0,1282.03,0.03203,0.715,22.93,tablet,Morocco | Casablanca,video,Campaign test with realistic degradation and anomalies.,5391,1.98,290,112,5,3,120,3464,28,,25-34,all,NA_platform,NA_platform,NA_platform,NA_platform,NA_platform
GCAMP_BAD_001,meta,META_BAD_001,ADSET_BAD_001,AD_META_BAD_001,2024-02-04,conversion,ACTIVE,2024-01-01,2024-04-30,daily,220,19800,201.38,8738.0,269.0,11.0,947.04,0.03078,0.746,23.05,mobile,Morocco | Casablanca,video,Campaign test with realistic degradation and anomalies.,3883,2.25,228,42,2,1,45,3765,19,6,25-34,all,NA_platform,NA_platform,NA_platform,NA_platform,NA_platform
GCAMP_BAD_001,meta,META_BAD_001,ADSET_BAD_001,AD_META_BAD_001,2024-02-05,conversion,ACTIVE,2024-01-01,2024-04-30,daily,220,19800,212.71,9511.0,278.0,12.0,871.65,0.02923,0.763,22.36,tablet,Morocco | Casablanca,video,Campaign test with realistic degradation and anomalies.,5870,1.62,236,113,8,4,125,3471,16,8,25-34,all,NA_platform,NA_platform,NA_platform,NA_platform,NA_platform
GCAMP_BAD_001,meta,META_BAD_001,ADSET_BAD_001,AD_META_BAD_001,2024-02-06,conversion,ACTIVE,2024-01-01,2024-04-30,daily,220,19800,198.68,9629.0,281.0,11.0,867.09,0.02918,0.706,20.63,mobile,Morocco | Casablanca,video,Campaign test with realistic degradation and anomalies.,5067,1.9,238,48,3,1,52,2598,18,6,25-34,all,NA_platform,NA_platform,NA_platform,NA_platform,NA_platform
GCAMP_BAD_001,meta,META_BAD_001,ADSET_BAD_001,AD_META_BAD_001,2024-02-07,conversion,ACTIVE,2024-01-01,2024-04-30,daily,220,19800,192.04,7686.0,253.0,10.0,910.99,0.03291,0.757,24.99,desktop,Morocco | Casablanca,video,Campaign test with realistic degradation and anomalies.,4926,1.56,215,44,3,1,48,3173,12,5,25-34,all,NA_platform,NA_platform,NA_platform,NA_platform,NA_platform
GCAMP_BAD_001,meta,META_BAD_001,ADSET_BAD_001,AD_META_BAD_001,2024-02-08,conversion,ACTIVE,2024-01-01,2024-04-30,daily,220,19800,195.71,9529.0,281.0,12.0,881.25,0.02949,0.696,20.54,desktop,Morocco | Casablanca,video,Campaign test with realistic degradation and anomalies.,4143,2.3,238,94,8,4,106,3437,19,6,25-34,all,NA_platform,NA_platform,NA_platform,NA_platform,NA_platform
GCAMP_BAD_001,meta,META_BAD_001,ADSET_BAD_001,AD_META_BAD_001,2024-02-09,conversion,ACTIVE,2024-01-01,2024-04-30,daily,220,19800,209.2,8387.0,272.0,11.0,914.38,0.03243,0.767,24.94,desktop,Morocco | Casablanca,video,Campaign test with realistic degradation and anomalies.,4111,2.04,231,56,,1,60,2930,17,8,25-34,all,NA_platform,NA_platform,NA_platform,NA_platform,NA_platform
GCAMP_BAD_001,meta,META_BAD_001,ADSET_BAD_001,AD_META_BAD_001,2024-02-10,conversion,ACTIVE,2024-01-01,2024-04-30,daily,220,19800,254.27,11332.0,363.0,14.0,1072.4,0.03203,0.699,22.44,tablet,Morocco | Casablanca,video,Campaign test with realistic degradation and anomalies.,5058,2.24,308,130,8,3,141,4023,26,11,25-34,all,NA_platform,NA_platform,NA_platform,NA_platform,NA_platform
GCAMP_BAD_001,meta,META_BAD_001,ADSET_BAD_001,AD_META_BAD_001,2024-02-11,conversion,ACTIVE,2024-01-01,2024-04-30,daily,220,19800,198.88,8145.0,270.0,11.0,795.94,0.03315,0.736,24.42,desktop,Morocco | Casablanca,video,Campaign test with realistic degradation and anomalies.,4052,2.01,229,94,9,5,108,3504,,7,25-34,all,NA_platform,NA_platform,NA_platform,NA_platform,NA_platform
GCAMP_BAD_001,meta,META_BAD_001,ADSET_BAD_001,AD_META_BAD_001,2024-02-12,conversion,ACTIVE,2024-01-01,2024-04-30,daily,220,19800,239.82,11184.0,326.0,13.0,1012.69,0.02915,0.735,21.44,mobile,Morocco | Casablanca,video,Campaign test with realistic degradation and anomalies.,5620,1.99,277,76,3,2,81,2895,24,7,25-34,all,NA_platform,NA_platform,NA_platform,NA_platform,NA_platform
GCAMP_BAD_001,meta,META_BAD_001,ADSET_BAD_001,AD_META_BAD_001,2024-02-13,conversion,ACTIVE,2024-01-01,2024-04-30,daily,220,19800,203.28,8598.0,285.0,11.0,799.27,0.03315,0.713,23.64,tablet,Morocco | Casablanca,video,Campaign test with realistic degradation and anomalies.,4698,1.83,242,58,3,2,63,3829,17,8,25-34,all,NA_platform,NA_platform,NA_platform,NA_platform,NA_platform
GCAMP_BAD_001,meta,META_BAD_001,ADSET_BAD_001,AD_META_BAD_001,2024-02-14,conversion,ACTIVE,2024-01-01,2024-04-30,daily,220,19800,219.11,9397.0,302.0,12.0,1089.52,0.03214,0.724,23.32,tablet,Morocco | Casablanca,video,Campaign test with realistic degradation and anomalies.,4583,2.05,256,45,2,1,48,3020,20,8,25-34,all,NA_platform,NA_platform,NA_platform,NA_platform,NA_platform
GCAMP_BAD_001,meta,META_BAD_001,ADSET_BAD_001,AD_META_BAD_001,2024-02-15,conversion,ACTIVE,2024-01-01,2024-04-30,daily,220,19800,179.82,8222.0,235.0,9.0,660.71,0.02858,0.762,21.87,tablet,Morocco | Casablanca,video,Campaign test with realistic degradation and anomalies.,5481,1.5,199,95,9,4,108,2133,12,7,25-34,all,NA_platform,NA_platform,NA_platform,NA_platform,NA_platform
GCAMP_BAD_001,meta,META_BAD_001,ADSET_BAD_001,AD_META_BAD_001,2024-02-16,conversion,ACTIVE,2024-01-01,2024-04-30,daily,220,19800,189.84,9168.0,284.0,12.0,889.6,0.03098,0.667,20.71,mobile,Morocco | Casablanca,video,Campaign test with realistic degradation and anomalies.,4038,2.27,241,93,8,2,103,3179,15,10,25-34,all,NA_platform,NA_platform,NA_platform,NA_platform,NA_platform
GCAMP_BAD_001,meta,META_BAD_001,ADSET_BAD_001,AD_META_BAD_001,2024-02-17,conversion,ACTIVE,2024-01-01,2024-04-30,daily,220,19800,245.14,11443.0,350.0,14.0,1041.98,0.03058,0.699,21.42,tablet,Morocco | Casablanca,video,Campaign test with realistic degradation and anomalies.,4890,2.34,297,96,9,2,107,4026,23,8,25-34,all,NA_platform,NA_platform,NA_platform,NA_platform,NA_platform
GCAMP_BAD_001,meta,META_BAD_001,ADSET_BAD_001,AD_META_BAD_001,2024-02-18,conversion,ACTIVE,2024-01-01,2024-04-30,daily,220,19800,216.53,8377.0,292.0,12.0,1104.32,0.03486,0.739,,mobile,Morocco | Casablanca,video,Campaign test with realistic degradation and anomalies.,4706,1.78,248,60,2,1,63,3718,23,7,25-34,all,NA_platform,NA_platform,NA_platform,NA_platform,NA_platform
GCAMP_BAD_001,meta,META_BAD_001,ADSET_BAD_001,AD_META_BAD_001,2024-02-19,conversion,ACTIVE,2024-01-01,2024-04-30,daily,220,19800,190.75,8875.0,253.0,9.0,799.11,0.0285,0.754,21.49,mobile,Morocco | Casablanca,video,Campaign test with realistic degradation and anomalies.,5478,1.62,215,,6,1,88,3852,13,5,25-34,all,NA_platform,NA_platform,NA_platform,NA_platform,NA_platform
GCAMP_BAD_001,meta,META_BAD_001,ADSET_BAD_001,AD_META_BAD_001,2024-02-20,conversion,ACTIVE,2024-01-01,2024-04-30,daily,220,19800,195.94,9601.0,292.0,12.0,931.55,0.03041,0.67,20.41,tablet,Morocco | Casablanca,video,Campaign test with realistic degradation and anomalies.,5549,1.73,248,104,7,4,115,,22,6,25-34,all,NA_platform,NA_platform,NA_platform,NA_platform,NA_platform
GCAMP_BAD_001,meta,META_BAD_001,ADSET_BAD_001,AD_META_BAD_001,2024-02-21,conversion,ACTIVE,2024-01-01,2024-04-30,daily,220,19800,222.06,10134.0,,14.0,1234.26,0.03207,0.682,21.91,mobile,Morocco | Casablanca,video,Campaign test with realistic degradation and anomalies.,4943,2.05,276,80,7,4,91,4213,23,7,25-34,all,NA_platform,NA_platform,NA_platform,NA_platform,NA_platform
GCAMP_BAD_001,meta,META_BAD_001,ADSET_BAD_001,AD_META_BAD_001,2024-02-22,conversion,ACTIVE,2024-01-01,2024-04-30,daily,220,19800,242.9,10201.0,339.0,12.0,988.68,0.03323,0.716,23.81,mobile,Morocco | Casablanca,video,Campaign test with realistic degradation and anomalies.,6667,1.53,288,98,9,5,112,4093,20,9,25-34,all,NA_platform,NA_platform,NA_platform,NA_platform,NA_platform
GCAMP_BAD_001,meta,META_BAD_001,ADSET_BAD_001,AD_META_BAD_001,2024-02-23,conversion,ACTIVE,2024-01-01,2024-04-30,daily,220,19800,256.37,11632.0,351.0,15.0,1368.2,0.03018,0.729,22.04,tablet,Morocco | Casablanca,video,Campaign test with realistic degradation and anomalies.,4866,2.39,298,133,11,6,150,3147,28,8,25-34,all,NA_platform,NA_platform,NA_platform,NA_platform,NA_platform
GCAMP_BAD_001,meta,META_BAD_001,ADSET_BAD_001,AD_META_BAD_001,2024-02-24,conversion,ACTIVE,2024-01-01,2024-04-30,daily,220,19800,242.71,9647.0,316.0,12.0,971.3,0.03275,0.766,25.16,mobile,Morocco | Casablanca,video,Campaign test with realistic degradation and anomalies.,4775,2.02,268,115,7,5,127,3655,17,7,25-34,all,NA_platform,NA_platform,NA_platform,NA_platform,NA_platform
GCAMP_BAD_001,meta,META_BAD_001,ADSET_BAD_001,AD_META_BAD_001,2024-02-25,conversion,ACTIVE,2024-01-01,2024-04-30,daily,220,19800,228.25,10717.0,333.0,14.0,1299.4,0.03107,0.684,21.3,mobile,Morocco | Casablanca,video,Campaign test with realistic degradation and anomalies.,5279,2.03,283,49,2,2,53,3854,21,10,25-34,all,NA_platform,NA_platform,NA_platform,NA_platform,NA_platform
GCAMP_BAD_001,meta,META_BAD_001,ADSET_BAD_001,AD_META_BAD_001,2024-02-26,conversion,ACTIVE,2024-01-01,2024-04-30,daily,220,19800,242.14,10039.0,326.0,13.0,959.77,0.03247,0.741,,tablet,Morocco | Casablanca,video,Campaign test with realistic degradation and anomalies.,4897,2.05,277,63,5,2,70,2916,17,6,25-34,all,NA_platform,NA_platform,NA_platform,NA_platform,NA_platform
GCAMP_BAD_001,meta,META_BAD_001,ADSET_BAD_001,AD_META_BAD_001,2024-02-27,conversion,ACTIVE,2024-01-01,2024-04-30,daily,220,19800,240.39,10600.0,336.0,14.0,1254.89,0.0317,0.713,22.68,mobile,Morocco | Casablanca,video,Campaign test with realistic degradation and anomalies.,6091,1.74,285,115,5,2,122,3573,25,11,25-34,all,NA_platform,NA_platform,NA_platform,NA_platform,NA_platform
GCAMP_BAD_001,meta,META_BAD_001,ADSET_BAD_001,AD_META_BAD_001,2024-02-28,conversion,ACTIVE,2024-01-01,2024-04-30,daily,220,19800,187.44,7999.0,264.0,11.0,893.94,0.033,0.709,23.43,desktop,Morocco | Casablanca,video,Campaign test with realistic degradation and anomalies.,4323,1.85,224,52,3,1,56,2186,13,6,25-34,all,NA_platform,NA_platform,NA_platform,NA_platform,NA_platform
GCAMP_BAD_001,meta,META_BAD_001,ADSET_BAD_001,AD_META_BAD_001,2024-02-29,conversion,ACTIVE,2024-01-01,2024-04-30,daily,220,19800,191.28,8948.0,277.0,12.0,1089.09,0.03096,0.689,21.38,mobile,Morocco | Casablanca,video,Campaign test with realistic degradation and anomalies.,4542,1.97,235,52,3,1,56,3042,23,7,25-34,all,NA_platform,NA_platform,NA_platform,NA_platform,NA_platform
GCAMP_BAD_001,meta,META_BAD_001,ADSET_BAD_001,AD_META_BAD_001,2024-03-01,conversion,ACTIVE,2024-01-01,2024-04-30,daily,220,19800,244.85,12252.0,294.0,8.0,499.93,0.02399,0.831,19.98,tablet,Morocco | Casablanca,video,Campaign test with realistic degradation and anomalies.,2584,4.74,249,80,6,2,,4645,15,4,25-34,all,NA_platform,NA_platform,NA_platform,NA_platform,NA_platform
GCAMP_BAD_001,meta,META_BAD_001,ADSET_BAD_001,AD_META_BAD_001,2024-03-02,conversion,ACTIVE,2024-01-01,2024-04-30,daily,220,19800,223.6,9430.0,243.0,6.0,417.64,0.02577,0.918,23.71,mobile,Morocco | Casablanca,video,Campaign test with realistic degradation and anomalies.,3091,3.05,206,86,8,,98,2520,10,4,25-34,all,NA_platform,NA_platform,NA_platform,NA_platform,NA_platform
GCAMP_BAD_001,meta,META_BAD_001,ADSET_BAD_001,AD_META_BAD_001,2024-03-03,conversion,ACTIVE,2024-01-01,2024-04-30,daily,220,19800,276.33,12442.0,316.0,9.0,641.45,0.0254,0.873,22.21,mobile,Morocco | Casablanca,video,Campaign test with realistic degradation and anomalies.,4879,2.55,268,70,3,1,74,5414,16,6,25-34,all,NA_platform,NA_platform,NA_platform,NA_platform,NA_platform
GCAMP_BAD_001,meta,META_BAD_001,ADSET_BAD_001,AD_META_BAD_001,2024-03-03,conversion,ACTIVE,2024-01-01,2024-04-30,daily,220,19800,276.33,12442.0,316.0,9.0,641.45,0.0254,0.873,22.21,mobile,Morocco | Casablanca,video,Campaign test with realistic degradation and anomalies.,4879,2.55,268,70,3,1,74,5414,16,6,25-34,all,NA_platform,NA_platform,NA_platform,NA_platform,NA_platform
GCAMP_BAD_001,meta,META_BAD_001,ADSET_BAD_001,AD_META_BAD_001,2024-03-04,conversion,ACTIVE,2024-01-01,2024-04-30,daily,220,19800,215.41,9617.0,250.0,7.0,490.35,0.026,0.86,22.4,desktop,Morocco | Casablanca,video,Campaign test with realistic degradation and anomalies.,2410,3.99,212,79,4,4,87,3620,11,3,25-34,all,NA_platform,NA_platform,NA_platform,NA_platform,NA_platform
GCAMP_BAD_001,meta,META_BAD_001,ADSET_BAD_001,AD_META_BAD_001,2024-03-05,conversion,ACTIVE,2024-01-01,2024-04-30,daily,220,19800,199.86,9058.0,234.0,6.0,413.11,0.02583,0.852,22.06,tablet,Morocco | Casablanca,video,Campaign test with realistic degradation and anomalies.,2921,3.1,198,31,3,1,35,3873,8,3,25-34,all,NA_platform,NA_platform,NA_platform,NA_platform,NA_platform
GCAMP_BAD_001,meta,META_BAD_001,ADSET_BAD_001,AD_META_BAD_001,2024-03-06,conversion,ACTIVE,2024-01-01,2024-04-30,daily,220,19800,250.82,11417.0,299.0,9.0,598.56,0.02619,0.837,21.97,mobile,Morocco | Casablanca,video,Campaign test with realistic degradation and anomalies.,3162,3.61,254,94,6,4,104,3153,16,6,25-34,all,NA_platform,NA_platform,NA_platform,NA_platform,NA_platform
GCAMP_BAD_001,meta,META_BAD_001,ADSET_BAD_001,AD_META_BAD_001,2024-03-07,conversion,ACTIVE,2024-01-01,2024-04-30,daily,220,19800,250.35,12384.0,281.0,8.0,536.4,0.02269,0.889,20.22,tablet,Morocco | Casablanca,video,Campaign test with realistic degradation and anomalies.,2651,4.67,238,60,3,1,64,3889,12,5,25-34,all,NA_platform,NA_platform,NA_platform,NA_platform,NA_platform
GCAMP_BAD_001,meta,META_BAD_001,ADSET_BAD_001,AD_META_BAD_001,2024-03-08,conversion,ACTIVE,2024-01-01,2024-04-30,daily,220,19800,187.6,9422.0,222.0,5.0,342.22,0.02356,0.842,19.91,mobile,Morocco | Casablanca,video,Campaign test with realistic degradation and anomalies.,3814,2.47,188,52,3,2,57,2646,9,3,25-34,all,NA_platform,NA_platform,NA_platform,NA_platform,NA_platform
GCAMP_BAD_001,meta,META_BAD_001,ADSET_BAD_001,AD_META_BAD_001,2024-03-09,conversion,ACTIVE,2024-01-01,2024-04-30,daily,220,19800,232.93,9889.0,259.0,8.0,574.97,0.02619,0.897,23.55,tablet,Morocco | Casablanca,video,Campaign test with realistic degradation and anomalies.,3169,3.12,220,52,4,2,58,3199,10,4,25-34,all,NA_platform,NA_platform,NA_platform,NA_platform,NA_platform
GCAMP_BAD_001,meta,META_BAD_001,ADSET_BAD_001,AD_META_BAD_001,2024-03-10,conversion,ACTIVE,2024-01-01,2024-04-30,daily,220,19800,231.37,9758.0,242.0,7.0,405.55,0.0248,0.954,23.71,desktop,Morocco | Casablanca,video,Campaign test with realistic degradation and anomalies.,3002,3.25,205,64,6,3,73,3264,12,5,25-34,all,NA_platform,NA_platform,NA_platform,NA_platform,NA_platform
GCAMP_BAD_001,meta,META_BAD_001,ADSET_BAD_001,AD_META_BAD_001,2024-03-11,conversion,ACTIVE,2024-01-01,2024-04-30,daily,220,19800,254.61,11848.0,285.0,8.0,485.21,0.02405,0.892,21.49,desktop,Morocco | Casablanca,video,Campaign test with realistic degradation and anomalies.,3505,3.38,242,65,4,2,71,4980,14,5,25-34,all,NA_platform,NA_platform,NA_platform,NA_platform,NA_platform
GCAMP_BAD_001,meta,META_BAD_001,ADSET_BAD_001,AD_META_BAD_001,2024-03-12,conversion,ACTIVE,2024-01-01,2024-04-30,daily,220,19800,192.71,8133.0,214.0,6.0,392.94,0.02631,0.897,23.69,tablet,Morocco | Casablanca,video,Campaign test with realistic degradation and anomalies.,2479,3.28,181,36,2,1,39,3296,11,3,25-34,all,NA_platform,NA_platform,NA_platform,NA_platform,NA_platform
GCAMP_BAD_001,meta,META_BAD_001,ADSET_BAD_001,AD_META_BAD_001,2024-03-13,conversion,ACTIVE,2024-01-01,2024-04-30,daily,220,19800,244.2,9954.0,265.0,8.0,581.92,0.02662,0.921,24.53,mobile,Morocco | Casablanca,video,Campaign test with realistic degradation and anomalies.,3714,2.68,225,52,3,1,56,4290,15,4,25-34,all,NA_platform,NA_platform,NA_platform,NA_platform,NA_platform
GCAMP_BAD_001,meta,META_BAD_001,ADSET_BAD_001,AD_META_BAD_001,2024-03-14,conversion,ACTIVE,2024-01-01,2024-04-30,daily,220,19800,247.27,11247.0,261.0,7.0,430.6,0.0232,0.946,21.99,tablet,Morocco | Casablanca,video,Campaign test with realistic degradation and anomalies.,2790,4.03,221,99,5,2,106,4875,,3,25-34,all,NA_platform,NA_platform,NA_platform,NA_platform,NA_platform
GCAMP_BAD_001,meta,META_BAD_001,ADSET_BAD_001,AD_META_BAD_001,2024-03-15,conversion,ACTIVE,2024-01-01,2024-04-30,daily,220,19800,268.27,10822.0,278.0,,583.48,0.02569,0.962,24.79,desktop,Morocco | Casablanca,video,Campaign test with realistic degradation and anomalies.,2522,4.29,236,35,2,0,37,4413,14,,25-34,all,NA_platform,NA_platform,NA_platform,NA_platform,NA_platform
GCAMP_BAD_001,meta,META_BAD_001,ADSET_BAD_001,AD_META_BAD_001,2024-03-16,conversion,ACTIVE,2024-01-01,2024-04-30,daily,220,19800,306.14,15314.0,251.0,3.0,133.61,0.01639,1.218,19.99,mobile,Morocco | Casablanca,video,Campaign test with realistic degradation and anomalies.,5173,2.96,213,51,4,1,56,5082,5,1,25-34,all,NA_platform,NA_platform,NA_platform,NA_platform,NA_platform
GCAMP_BAD_001,meta,META_BAD_001,ADSET_BAD_001,AD_META_BAD_001,2024-03-17,conversion,ACTIVE,2024-01-01,2024-04-30,daily,220,19800,233.19,11719.0,209.0,3.0,128.64,0.01783,1.115,19.9,desktop,Morocco | Casablanca,video,Campaign test with realistic degradation and anomalies.,4097,2.86,177,50,4,1,55,3513,4,2,25-34,all,NA_platform,NA_platform,NA_platform,NA_platform,NA_platform
GCAMP_BAD_001,meta,META_BAD_001,ADSET_BAD_001,AD_META_BAD_001,2024-03-18,conversion,ACTIVE,2024-01-01,2024-04-30,daily,220,19800,274.98,13442.0,233.0,3.0,140.21,0.01733,1.178,20.46,desktop,Morocco | Casablanca,video,Campaign test with realistic degradation and anomalies.,4870,2.76,198,63,4,2,69,3891,5,1,25-34,all,NA_platform,NA_platform,NA_platform,NA_platform,NA_platform
GCAMP_BAD_001,meta,META_BAD_001,ADSET_BAD_001,AD_META_BAD_001,2024-03-19,conversion,ACTIVE,2024-01-01,2024-04-30,daily,220,19800,219.52,23720.0,190.0,1.0,48.2,0.00801,1.151,9.25,tablet,Morocco | Casablanca,video,Campaign test with realistic degradation and anomalies.,7726,3.07,161,122,5,2,129,6887,1,0,25-34,all,NA_platform,NA_platform,NA_platform,NA_platform,NA_platform
GCAMP_BAD_001,meta,META_BAD_001,ADSET_BAD_001,AD_META_BAD_001,2024-03-20,conversion,ACTIVE,2024-01-01,2024-04-30,daily,220,19800,226.15,25226.0,180.0,1.0,45.4,0.00714,1.252,8.96,desktop,Morocco | Casablanca,video,Campaign test with realistic degradation and anomalies.,10050,2.51,153,110,9,6,125,10877,1,0,25-34,all,NA_platform,NA_platform,NA_platform,NA_platform,NA_platform
GCAMP_BAD_001,meta,META_BAD_001,ADSET_BAD_001,AD_META_BAD_001,2024-03-21,conversion,ACTIVE,2024-01-01,2024-04-30,daily,220,19800,270.73,30150.0,227.0,1.0,45.17,0.00753,1.191,8.98,tablet,Morocco | Casablanca,video,Campaign test with realistic degradation and anomalies.,7913,3.81,192,168,11,8,187,8798,1,0,25-34,all,NA_platform,NA_platform,NA_platform,NA_platform,NA_platform
GCAMP_BAD_001,meta,META_BAD_001,ADSET_BAD_001,AD_META_BAD_001,2024-03-22,conversion,ACTIVE,2024-01-01,2024-04-30,daily,220,19800,321.92,17107.0,273.0,3.0,152.92,0.01596,1.177,,mobile,Morocco | Casablanca,video,Campaign test with realistic degradation and anomalies.,,3.69,232,106,8,3,117,6388,4,2,25-34,all,NA_platform,NA_platform,NA_platform,NA_platform,NA_platform
GCAMP_BAD_001,meta,META_BAD_001,ADSET_BAD_001,AD_META_BAD_001,2024-03-23,conversion,ACTIVE,2024-01-01,2024-04-30,daily,220,19800,257.57,11551.0,,2.0,93.25,0.01783,1.246,22.3,mobile,Morocco | Casablanca,video,Campaign test with realistic degradation and anomalies.,4657,2.48,175,41,2,2,45,3097,3,1,25-34,all,NA_platform,NA_platform,NA_platform,NA_platform,NA_platform
GCAMP_BAD_001,meta,META_BAD_001,ADSET_BAD_001,AD_META_BAD_001,2024-03-24,conversion,ACTIVE,2024-01-01,2024-04-30,daily,220,19800,304.86,14566.0,266.0,4.0,192.83,0.01826,1.144,20.93,desktop,Morocco | Casablanca,video,Campaign test with realistic degradation and anomalies.,,2.43,226,77,5,2,84,3787,5,2,25-34,all,NA_platform,NA_platform,NA_platform,NA_platform,NA_platform
GCAMP_BAD_001,meta,META_BAD_001,ADSET_BAD_001,AD_META_BAD_001,2024-03-25,conversion,ACTIVE,2024-01-01,2024-04-30,daily,220,19800,265.33,12384.0,225.0,3.0,153.62,0.01817,1.176,,mobile,Morocco | Casablanca,video,Campaign test with realistic degradation and anomalies.,3143,3.94,,69,,1,74,4319,,1,25-34,all,NA_platform,NA_platform,NA_platform,NA_platform,NA_platform
GCAMP_BAD_001,meta,META_BAD_001,ADSET_BAD_001,AD_META_BAD_001,2024-03-26,conversion,ACTIVE,2024-01-01,2024-04-30,daily,220,19800,309.81,16322.0,255.0,3.0,137.93,0.01562,1.211,18.98,tablet,Morocco | Casablanca,video,Campaign test with realistic degradation and anomalies.,5514,2.96,216,50,2,2,54,4704,3,,25-34,all,NA_platform,NA_platform,NA_platform,NA_platform,NA_platform
GCAMP_BAD_001,meta,META_BAD_001,ADSET_BAD_001,AD_META_BAD_001,2024-03-27,conversion,ACTIVE,2024-01-01,2024-04-30,daily,220,19800,273.45,32209.0,246.0,1.0,44.87,0.00764,1.109,8.49,tablet,Morocco | Casablanca,video,Campaign test with realistic degradation and anomalies.,11973,2.69,209,207,9,10,226,13831,1,0,25-34,all,NA_platform,NA_platform,NA_platform,NA_platform,NA_platform
GCAMP_BAD_001,meta,META_BAD_001,ADSET_BAD_001,AD_META_BAD_001,2024-03-28,conversion,ACTIVE,2024-01-01,2024-04-30,daily,220,19800,276.7,30851.0,236.0,1.0,42.27,0.00765,1.17,8.97,desktop,Morocco | Casablanca,video,Campaign test with realistic degradation and anomalies.,6855,4.5,200,184,14,9,207,10742,1,0,25-34,all,NA_platform,NA_platform,NA_platform,NA_platform,NA_platform
GCAMP_BAD_001,meta,META_BAD_001,ADSET_BAD_001,AD_META_BAD_001,2024-03-29,conversion,ACTIVE,2024-01-01,2024-04-30,daily,220,19800,228.79,12488.0,197.0,2.0,100.55,0.01577,1.156,18.32,tablet,Morocco | Casablanca,video,Campaign test with realistic degradation and anomalies.,2890,4.32,167,80,5,1,86,4846,2,1,25-34,all,NA_platform,NA_platform,NA_platform,NA_platform,NA_platform
GCAMP_BAD_001,meta,META_BAD_001,ADSET_BAD_001,AD_META_BAD_001,2024-03-30,conversion,ACTIVE,2024-01-01,2024-04-30,daily,220,19800,323.48,15625.0,281.0,4.0,201.57,0.01798,1.15,20.7,mobile,Morocco | Casablanca,video,Campaign test with realistic degradation and anomalies.,3426,4.56,238,41,4,1,46,5617,5,2,25-34,all,NA_platform,NA_platform,NA_platform,NA_platform,NA_platform
